[2026-04-19 10:26:01] local.ERROR: The "--compact" option does not exist. {"exception":"[object] (Symfony\\Component\\Console\\Exception\\RuntimeException(code: 0): The \"--compact\" option does not exist. at C:/wamp64/www/Denb-main/vendor/symfony/console/Input/ArgvInput.php:226)
[stacktrace]
#0 C:/wamp64/www/Denb-main/vendor/symfony/console/Input/ArgvInput.php(155): Symfony/Component/Console/Input/ArgvInput->addLongOption('compact', NULL)
#1 C:/wamp64/www/Denb-main/vendor/symfony/console/Input/ArgvInput.php(88): Symfony/Component/Console/Input/ArgvInput->parseLongOption('--compact')
#2 C:/wamp64/www/Denb-main/vendor/symfony/console/Input/ArgvInput.php(77): Symfony/Component/Console/Input/ArgvInput->parseToken('--compact', true)
#3 C:/wamp64/www/Denb-main/vendor/symfony/console/Input/Input.php(53): Symfony/Component/Console/Input/ArgvInput->parse()
#4 C:/wamp64/www/Denb-main/vendor/symfony/console/Command/Command.php(295): Symfony/Component/Console/Input/Input->bind(Object(Symfony/Component/Console/Input/InputDefinition))
#5 C:/wamp64/www/Denb-main/vendor/laravel/framework/src/Illuminate/Console/Command.php(180): Symfony/Component/Console/Command/Command->run(Object(Symfony/Component/Console/Input/ArgvInput), Object(Illuminate/Console/OutputStyle))
#6 C:/wamp64/www/Denb-main/vendor/symfony/console/Application.php(1117): Illuminate/Console/Command->run(Object(Symfony/Component/Console/Input/ArgvInput), Object(Symfony/Component/Console/Output/ConsoleOutput))
#7 C:/wamp64/www/Denb-main/vendor/symfony/console/Application.php(356): Symfony/Component/Console/Application->doRunCommand(Object(Illuminate/Foundation/Console/RouteListCommand), Object(Symfony/Component/Console/Input/ArgvInput), Object(Symfony/Component/Console/Output/ConsoleOutput))
#8 C:/wamp64/www/Denb-main/vendor/symfony/console/Application.php(195): Symfony/Component/Console/Application->doRun(Object(Symfony/Component/Console/Input/ArgvInput), Object(Symfony/Component/Console/Output/ConsoleOutput))
#9 C:/wamp64/www/Denb-main/vendor/laravel/framework/src/Illuminate/Foundation/Console/Kernel.php(198): Symfony/Component/Console/Application->run(Object(Symfony/Component/Console/Input/ArgvInput), Object(Symfony/Component/Console/Output/ConsoleOutput))
#10 C:/wamp64/www/Denb-main/vendor/laravel/framework/src/Illuminate/Foundation/Application.php(1235): Illuminate/Foundation/Console/Kernel->handle(Object(Symfony/Component/Console/Input/ArgvInput), Object(Symfony/Component/Console/Output/ConsoleOutput))
#11 C:/wamp64/www/Denb-main/artisan(16): Illuminate/Foundation/Application->handleCommand(Object(Symfony/Component/Console/Input/ArgvInput))
#12 {main}
"} 
[2026-09-22 15:03:01] local.ERROR: SQLSTATE[42S02]: Base table or view not found: 1146 Table 'callcenter.illegal_assets' doesn't exist (Connection: mysql, Host: 127.0.0.1, Port: 3306, Database: callcenter, SQL: alter table `illegal_assets` add `owner_name` varchar(255) null after `description`) {"exception":"[object] (Illuminate\\Database\\QueryException(code: 42S02): SQLSTATE[42S02]: Base table or view not found: 1146 Table 'callcenter.illegal_assets' doesn't exist (Connection: mysql, Host: 127.0.0.1, Port: 3306, Database: callcenter, SQL: alter table `illegal_assets` add `owner_name` varchar(255) null after `description`) at C:/Users/Hp 1030-G2/Documents/danb-project/Denb-main/vendor/laravel/framework/src/Illuminate/Database/Connection.php:838)
[stacktrace]
#0 C:/Users/Hp 1030-G2/Documents/danb-project/Denb-main/vendor/laravel/framework/src/Illuminate/Database/Connection.php(794): Illuminate/Database/Connection->runQueryCallback('alter table `il...', Array, Object(Closure))
#1 C:/Users/Hp 1030-G2/Documents/danb-project/Denb-main/vendor/laravel/framework/src/Illuminate/Database/Connection.php(573): Illuminate/Database/Connection->run('alter table `il...', Array, Object(Closure))
#2 C:/Users/Hp 1030-G2/Documents/danb-project/Denb-main/vendor/laravel/framework/src/Illuminate/Database/Schema/Blueprint.php(121): Illuminate/Database/Connection->statement('alter table `il...')
#3 C:/Users/Hp 1030-G2/Documents/danb-project/Denb-main/vendor/laravel/framework/src/Illuminate/Database/Schema/Builder.php(686): Illuminate/Database/Schema/Blueprint->build()
#4 C:/Users/Hp 1030-G2/Documents/danb-project/Denb-main/vendor/laravel/framework/src/Illuminate/Database/Schema/Builder.php(494): Illuminate/Database/Schema/Builder->build(Object(Illuminate/Database/Schema/Blueprint))
#5 C:/Users/Hp 1030-G2/Documents/danb-project/Denb-main/vendor/laravel/framework/src/Illuminate/Support/Facades/Facade.php(363): Illuminate/Database/Schema/Builder->table('illegal_assets', Object(Closure))
#6 C:/Users/Hp 1030-G2/Documents/danb-project/Denb-main/database/migrations/2026_03_31_193113_add_location_and_owner_to_illegal_assets_table.php(14): Illuminate/Support/Facades/Facade::__callStatic('table', Array)
#7 C:/Users/Hp 1030-G2/Documents/danb-project/Denb-main/vendor/laravel/framework/src/Illuminate/Database/Migrations/Migrator.php(517): Illuminate/Database/Migrations/Migration@anonymous->up()
#8 C:/Users/Hp 1030-G2/Documents/danb-project/Denb-main/vendor/laravel/framework/src/Illuminate/Database/Migrations/Migrator.php(442): Illuminate/Database/Migrations/Migrator->runMethod(Object(Illuminate/Database/MySqlConnection), Object(Illuminate/Database/Migrations/Migration@anonymous), 'up')
#9 C:/Users/Hp 1030-G2/Documents/danb-project/Denb-main/vendor/laravel/framework/src/Illuminate/Database/Migrations/Migrator.php(451): Illuminate/Database/Migrations/Migrator->Illuminate/Database/Migrations/{closure}()
#10 C:/Users/Hp 1030-G2/Documents/danb-project/Denb-main/vendor/laravel/framework/src/Illuminate/Database/Migrations/Migrator.php(253): Illuminate/Database/Migrations/Migrator->runMigration(Object(Illuminate/Database/Migrations/Migration@anonymous), 'up')
#11 C:/Users/Hp 1030-G2/Documents/danb-project/Denb-main/vendor/laravel/framework/src/Illuminate/Console/View/Components/Task.php(41): Illuminate/Database/Migrations/Migrator->Illuminate/Database/Migrations/{closure}()
#12 C:/Users/Hp 1030-G2/Documents/danb-project/Denb-main/vendor/laravel/framework/src/Illuminate/Database/Migrations/Migrator.php(814): Illuminate/Console/View/Components/Task->render('2026_03_31_1931...', Object(Closure))
#13 C:/Users/Hp 1030-G2/Documents/danb-project/Denb-main/vendor/laravel/framework/src/Illuminate/Database/Migrations/Migrator.php(253): Illuminate/Database/Migrations/Migrator->write('Illuminate//Cons...', '2026_03_31_1931...', Object(Closure))
#14 C:/Users/Hp 1030-G2/Documents/danb-project/Denb-main/vendor/laravel/framework/src/Illuminate/Database/Migrations/Migrator.php(211): Illuminate/Database/Migrations/Migrator->runUp('C://Users//Hp 103...', 1, false)
#15 C:/Users/Hp 1030-G2/Documents/danb-project/Denb-main/vendor/laravel/framework/src/Illuminate/Database/Migrations/Migrator.php(138): Illuminate/Database/Migrations/Migrator->runPending(Array, Array)
#16 C:/Users/Hp 1030-G2/Documents/danb-project/Denb-main/vendor/laravel/framework/src/Illuminate/Database/Console/Migrations/MigrateCommand.php(116): Illuminate/Database/Migrations/Migrator->run(Array, Array)
#17 C:/Users/Hp 1030-G2/Documents/danb-project/Denb-main/vendor/laravel/framework/src/Illuminate/Database/Migrations/Migrator.php(671): Illuminate/Database/Console/Migrations/MigrateCommand->Illuminate/Database/Console/Migrations/{closure}()
#18 C:/Users/Hp 1030-G2/Documents/danb-project/Denb-main/vendor/laravel/framework/src/Illuminate/Database/Console/Migrations/MigrateCommand.php(109): Illuminate/Database/Migrations/Migrator->usingConnection(NULL, Object(Closure))
#19 C:/Users/Hp 1030-G2/Documents/danb-project/Denb-main/vendor/laravel/framework/src/Illuminate/Database/Console/Migrations/MigrateCommand.php(88): Illuminate/Database/Console/Migrations/MigrateCommand->runMigrations()
#20 C:/Users/Hp 1030-G2/Documents/danb-project/Denb-main/vendor/laravel/framework/src/Illuminate/Container/BoundMethod.php(36): Illuminate/Database/Console/Migrations/MigrateCommand->handle()
#21 C:/Users/Hp 1030-G2/Documents/danb-project/Denb-main/vendor/laravel/framework/src/Illuminate/Container/Util.php(43): Illuminate/Container/BoundMethod::Illuminate/Container/{closure}()
#22 C:/Users/Hp 1030-G2/Documents/danb-project/Denb-main/vendor/laravel/framework/src/Illuminate/Container/BoundMethod.php(96): Illuminate/Container/Util::unwrapIfClosure(Object(Closure))
#23 C:/Users/Hp 1030-G2/Documents/danb-project/Denb-main/vendor/laravel/framework/src/Illuminate/Container/BoundMethod.php(35): Illuminate/Container/BoundMethod::callBoundMethod(Object(Illuminate/Foundation/Application), Array, Object(Closure))
#24 C:/Users/Hp 1030-G2/Documents/danb-project/Denb-main/vendor/laravel/framework/src/Illuminate/Container/Container.php(799): Illuminate/Container/BoundMethod::call(Object(Illuminate/Foundation/Application), Array, Array, NULL)
#25 C:/Users/Hp 1030-G2/Documents/danb-project/Denb-main/vendor/laravel/framework/src/Illuminate/Console/Command.php(211): Illuminate/Container/Container->call(Array)
#26 C:/Users/Hp 1030-G2/Documents/danb-project/Denb-main/vendor/symfony/console/Command/Command.php(341): Illuminate/Console/Command->execute(Object(Symfony/Component/Console/Input/ArrayInput), Object(Illuminate/Console/OutputStyle))
#27 C:/Users/Hp 1030-G2/Documents/danb-project/Denb-main/vendor/laravel/framework/src/Illuminate/Console/Command.php(180): Symfony/Component/Console/Command/Command->run(Object(Symfony/Component/Console/Input/ArrayInput), Object(Illuminate/Console/OutputStyle))
#28 C:/Users/Hp 1030-G2/Documents/danb-project/Denb-main/vendor/laravel/framework/src/Illuminate/Console/Concerns/CallsCommands.php(68): Illuminate/Console/Command->run(Object(Symfony/Component/Console/Input/ArrayInput), Object(Illuminate/Console/OutputStyle))
#29 C:/Users/Hp 1030-G2/Documents/danb-project/Denb-main/vendor/laravel/framework/src/Illuminate/Console/Concerns/CallsCommands.php(29): Illuminate/Console/Command->runCommand('migrate', Array, Object(Illuminate/Console/OutputStyle))
#30 C:/Users/Hp 1030-G2/Documents/danb-project/Denb-main/vendor/laravel/framework/src/Illuminate/Database/Console/Migrations/FreshCommand.php(88): Illuminate/Console/Command->call('migrate', Array)
#31 C:/Users/Hp 1030-G2/Documents/danb-project/Denb-main/vendor/laravel/framework/src/Illuminate/Container/BoundMethod.php(36): Illuminate/Database/Console/Migrations/FreshCommand->handle()
#32 C:/Users/Hp 1030-G2/Documents/danb-project/Denb-main/vendor/laravel/framework/src/Illuminate/Container/Util.php(43): Illuminate/Container/BoundMethod::Illuminate/Container/{closure}()
#33 C:/Users/Hp 1030-G2/Documents/danb-project/Denb-main/vendor/laravel/framework/src/Illuminate/Container/BoundMethod.php(96): Illuminate/Container/Util::unwrapIfClosure(Object(Closure))
#34 C:/Users/Hp 1030-G2/Documents/danb-project/Denb-main/vendor/laravel/framework/src/Illuminate/Container/BoundMethod.php(35): Illuminate/Container/BoundMethod::callBoundMethod(Object(Illuminate/Foundation/Application), Array, Object(Closure))
#35 C:/Users/Hp 1030-G2/Documents/danb-project/Denb-main/vendor/laravel/framework/src/Illuminate/Container/Container.php(799): Illuminate/Container/BoundMethod::call(Object(Illuminate/Foundation/Application), Array, Array, NULL)
#36 C:/Users/Hp 1030-G2/Documents/danb-project/Denb-main/vendor/laravel/framework/src/Illuminate/Console/Command.php(211): Illuminate/Container/Container->call(Array)
#37 C:/Users/Hp 1030-G2/Documents/danb-project/Denb-main/vendor/symfony/console/Command/Command.php(341): Illuminate/Console/Command->execute(Object(Symfony/Component/Console/Input/ArgvInput), Object(Illuminate/Console/OutputStyle))
#38 C:/Users/Hp 1030-G2/Documents/danb-project/Denb-main/vendor/laravel/framework/src/Illuminate/Console/Command.php(180): Symfony/Component/Console/Command/Command->run(Object(Symfony/Component/Console/Input/ArgvInput), Object(Illuminate/Console/OutputStyle))
#39 C:/Users/Hp 1030-G2/Documents/danb-project/Denb-main/vendor/symfony/console/Application.php(1117): Illuminate/Console/Command->run(Object(Symfony/Component/Console/Input/ArgvInput), Object(Symfony/Component/Console/Output/ConsoleOutput))
#40 C:/Users/Hp 1030-G2/Documents/danb-project/Denb-main/vendor/symfony/console/Application.php(356): Symfony/Component/Console/Application->doRunCommand(Object(Illuminate/Database/Console/Migrations/FreshCommand), Object(Symfony/Component/Console/Input/ArgvInput), Object(Symfony/Component/Console/Output/ConsoleOutput))
#41 C:/Users/Hp 1030-G2/Documents/danb-project/Denb-main/vendor/symfony/console/Application.php(195): Symfony/Component/Console/Application->doRun(Object(Symfony/Component/Console/Input/ArgvInput), Object(Symfony/Component/Console/Output/ConsoleOutput))
#42 C:/Users/Hp 1030-G2/Documents/danb-project/Denb-main/vendor/laravel/framework/src/Illuminate/Foundation/Console/Kernel.php(198): Symfony/Component/Console/Application->run(Object(Symfony/Component/Console/Input/ArgvInput), Object(Symfony/Component/Console/Output/ConsoleOutput))
#43 C:/Users/Hp 1030-G2/Documents/danb-project/Denb-main/vendor/laravel/framework/src/Illuminate/Foundation/Application.php(1235): Illuminate/Foundation/Console/Kernel->handle(Object(Symfony/Component/Console/Input/ArgvInput), Object(Symfony/Component/Console/Output/ConsoleOutput))
#44 C:/Users/Hp 1030-G2/Documents/danb-project/Denb-main/artisan(16): Illuminate/Foundation/Application->handleCommand(Object(Symfony/Component/Console/Input/ArgvInput))
#45 {main}

[previous exception] [object] (PDOException(code: 42S02): SQLSTATE[42S02]: Base table or view not found: 1146 Table 'callcenter.illegal_assets' doesn't exist at C:/Users/Hp 1030-G2/Documents/danb-project/Denb-main/vendor/laravel/framework/src/Illuminate/Database/Connection.php:584)
[stacktrace]
#0 C:/Users/Hp 1030-G2/Documents/danb-project/Denb-main/vendor/laravel/framework/src/Illuminate/Database/Connection.php(584): PDOStatement->execute()
#1 C:/Users/Hp 1030-G2/Documents/danb-project/Denb-main/vendor/laravel/framework/src/Illuminate/Database/Connection.php(827): Illuminate/Database/Connection->Illuminate/Database/{closure}('alter table `il...', Array)
#2 C:/Users/Hp 1030-G2/Documents/danb-project/Denb-main/vendor/laravel/framework/src/Illuminate/Database/Connection.php(794): Illuminate/Database/Connection->runQueryCallback('alter table `il...', Array, Object(Closure))
#3 C:/Users/Hp 1030-G2/Documents/danb-project/Denb-main/vendor/laravel/framework/src/Illuminate/Database/Connection.php(573): Illuminate/Database/Connection->run('alter table `il...', Array, Object(Closure))
#4 C:/Users/Hp 1030-G2/Documents/danb-project/Denb-main/vendor/laravel/framework/src/Illuminate/Database/Schema/Blueprint.php(121): Illuminate/Database/Connection->statement('alter table `il...')
#5 C:/Users/Hp 1030-G2/Documents/danb-project/Denb-main/vendor/laravel/framework/src/Illuminate/Database/Schema/Builder.php(686): Illuminate/Database/Schema/Blueprint->build()
#6 C:/Users/Hp 1030-G2/Documents/danb-project/Denb-main/vendor/laravel/framework/src/Illuminate/Database/Schema/Builder.php(494): Illuminate/Database/Schema/Builder->build(Object(Illuminate/Database/Schema/Blueprint))
#7 C:/Users/Hp 1030-G2/Documents/danb-project/Denb-main/vendor/laravel/framework/src/Illuminate/Support/Facades/Facade.php(363): Illuminate/Database/Schema/Builder->table('illegal_assets', Object(Closure))
#8 C:/Users/Hp 1030-G2/Documents/danb-project/Denb-main/database/migrations/2026_03_31_193113_add_location_and_owner_to_illegal_assets_table.php(14): Illuminate/Support/Facades/Facade::__callStatic('table', Array)
#9 C:/Users/Hp 1030-G2/Documents/danb-project/Denb-main/vendor/laravel/framework/src/Illuminate/Database/Migrations/Migrator.php(517): Illuminate/Database/Migrations/Migration@anonymous->up()
#10 C:/Users/Hp 1030-G2/Documents/danb-project/Denb-main/vendor/laravel/framework/src/Illuminate/Database/Migrations/Migrator.php(442): Illuminate/Database/Migrations/Migrator->runMethod(Object(Illuminate/Database/MySqlConnection), Object(Illuminate/Database/Migrations/Migration@anonymous), 'up')
#11 C:/Users/Hp 1030-G2/Documents/danb-project/Denb-main/vendor/laravel/framework/src/Illuminate/Database/Migrations/Migrator.php(451): Illuminate/Database/Migrations/Migrator->Illuminate/Database/Migrations/{closure}()
#12 C:/Users/Hp 1030-G2/Documents/danb-project/Denb-main/vendor/laravel/framework/src/Illuminate/Database/Migrations/Migrator.php(253): Illuminate/Database/Migrations/Migrator->runMigration(Object(Illuminate/Database/Migrations/Migration@anonymous), 'up')
#13 C:/Users/Hp 1030-G2/Documents/danb-project/Denb-main/vendor/laravel/framework/src/Illuminate/Console/View/Components/Task.php(41): Illuminate/Database/Migrations/Migrator->Illuminate/Database/Migrations/{closure}()
#14 C:/Users/Hp 1030-G2/Documents/danb-project/Denb-main/vendor/laravel/framework/src/Illuminate/Database/Migrations/Migrator.php(814): Illuminate/Console/View/Components/Task->render('2026_03_31_1931...', Object(Closure))
#15 C:/Users/Hp 1030-G2/Documents/danb-project/Denb-main/vendor/laravel/framework/src/Illuminate/Database/Migrations/Migrator.php(253): Illuminate/Database/Migrations/Migrator->write('Illuminate//Cons...', '2026_03_31_1931...', Object(Closure))
#16 C:/Users/Hp 1030-G2/Documents/danb-project/Denb-main/vendor/laravel/framework/src/Illuminate/Database/Migrations/Migrator.php(211): Illuminate/Database/Migrations/Migrator->runUp('C://Users//Hp 103...', 1, false)
#17 C:/Users/Hp 1030-G2/Documents/danb-project/Denb-main/vendor/laravel/framework/src/Illuminate/Database/Migrations/Migrator.php(138): Illuminate/Database/Migrations/Migrator->runPending(Array, Array)
#18 C:/Users/Hp 1030-G2/Documents/danb-project/Denb-main/vendor/laravel/framework/src/Illuminate/Database/Console/Migrations/MigrateCommand.php(116): Illuminate/Database/Migrations/Migrator->run(Array, Array)
#19 C:/Users/Hp 1030-G2/Documents/danb-project/Denb-main/vendor/laravel/framework/src/Illuminate/Database/Migrations/Migrator.php(671): Illuminate/Database/Console/Migrations/MigrateCommand->Illuminate/Database/Console/Migrations/{closure}()
#20 C:/Users/Hp 1030-G2/Documents/danb-project/Denb-main/vendor/laravel/framework/src/Illuminate/Database/Console/Migrations/MigrateCommand.php(109): Illuminate/Database/Migrations/Migrator->usingConnection(NULL, Object(Closure))
#21 C:/Users/Hp 1030-G2/Documents/danb-project/Denb-main/vendor/laravel/framework/src/Illuminate/Database/Console/Migrations/MigrateCommand.php(88): Illuminate/Database/Console/Migrations/MigrateCommand->runMigrations()
#22 C:/Users/Hp 1030-G2/Documents/danb-project/Denb-main/vendor/laravel/framework/src/Illuminate/Container/BoundMethod.php(36): Illuminate/Database/Console/Migrations/MigrateCommand->handle()
#23 C:/Users/Hp 1030-G2/Documents/danb-project/Denb-main/vendor/laravel/framework/src/Illuminate/Container/Util.php(43): Illuminate/Container/BoundMethod::Illuminate/Container/{closure}()
#24 C:/Users/Hp 1030-G2/Documents/danb-project/Denb-main/vendor/laravel/framework/src/Illuminate/Container/BoundMethod.php(96): Illuminate/Container/Util::unwrapIfClosure(Object(Closure))
#25 C:/Users/Hp 1030-G2/Documents/danb-project/Denb-main/vendor/laravel/framework/src/Illuminate/Container/BoundMethod.php(35): Illuminate/Container/BoundMethod::callBoundMethod(Object(Illuminate/Foundation/Application), Array, Object(Closure))
#26 C:/Users/Hp 1030-G2/Documents/danb-project/Denb-main/vendor/laravel/framework/src/Illuminate/Container/Container.php(799): Illuminate/Container/BoundMethod::call(Object(Illuminate/Foundation/Application), Array, Array, NULL)
#27 C:/Users/Hp 1030-G2/Documents/danb-project/Denb-main/vendor/laravel/framework/src/Illuminate/Console/Command.php(211): Illuminate/Container/Container->call(Array)
#28 C:/Users/Hp 1030-G2/Documents/danb-project/Denb-main/vendor/symfony/console/Command/Command.php(341): Illuminate/Console/Command->execute(Object(Symfony/Component/Console/Input/ArrayInput), Object(Illuminate/Console/OutputStyle))
#29 C:/Users/Hp 1030-G2/Documents/danb-project/Denb-main/vendor/laravel/framework/src/Illuminate/Console/Command.php(180): Symfony/Component/Console/Command/Command->run(Object(Symfony/Component/Console/Input/ArrayInput), Object(Illuminate/Console/OutputStyle))
#30 C:/Users/Hp 1030-G2/Documents/danb-project/Denb-main/vendor/laravel/framework/src/Illuminate/Console/Concerns/CallsCommands.php(68): Illuminate/Console/Command->run(Object(Symfony/Component/Console/Input/ArrayInput), Object(Illuminate/Console/OutputStyle))
#31 C:/Users/Hp 1030-G2/Documents/danb-project/Denb-main/vendor/laravel/framework/src/Illuminate/Console/Concerns/CallsCommands.php(29): Illuminate/Console/Command->runCommand('migrate', Array, Object(Illuminate/Console/OutputStyle))
#32 C:/Users/Hp 1030-G2/Documents/danb-project/Denb-main/vendor/laravel/framework/src/Illuminate/Database/Console/Migrations/FreshCommand.php(88): Illuminate/Console/Command->call('migrate', Array)
#33 C:/Users/Hp 1030-G2/Documents/danb-project/Denb-main/vendor/laravel/framework/src/Illuminate/Container/BoundMethod.php(36): Illuminate/Database/Console/Migrations/FreshCommand->handle()
#34 C:/Users/Hp 1030-G2/Documents/danb-project/Denb-main/vendor/laravel/framework/src/Illuminate/Container/Util.php(43): Illuminate/Container/BoundMethod::Illuminate/Container/{closure}()
#35 C:/Users/Hp 1030-G2/Documents/danb-project/Denb-main/vendor/laravel/framework/src/Illuminate/Container/BoundMethod.php(96): Illuminate/Container/Util::unwrapIfClosure(Object(Closure))
#36 C:/Users/Hp 1030-G2/Documents/danb-project/Denb-main/vendor/laravel/framework/src/Illuminate/Container/BoundMethod.php(35): Illuminate/Container/BoundMethod::callBoundMethod(Object(Illuminate/Foundation/Application), Array, Object(Closure))
#37 C:/Users/Hp 1030-G2/Documents/danb-project/Denb-main/vendor/laravel/framework/src/Illuminate/Container/Container.php(799): Illuminate/Container/BoundMethod::call(Object(Illuminate/Foundation/Application), Array, Array, NULL)
#38 C:/Users/Hp 1030-G2/Documents/danb-project/Denb-main/vendor/laravel/framework/src/Illuminate/Console/Command.php(211): Illuminate/Container/Container->call(Array)
#39 C:/Users/Hp 1030-G2/Documents/danb-project/Denb-main/vendor/symfony/console/Command/Command.php(341): Illuminate/Console/Command->execute(Object(Symfony/Component/Console/Input/ArgvInput), Object(Illuminate/Console/OutputStyle))
#40 C:/Users/Hp 1030-G2/Documents/danb-project/Denb-main/vendor/laravel/framework/src/Illuminate/Console/Command.php(180): Symfony/Component/Console/Command/Command->run(Object(Symfony/Component/Console/Input/ArgvInput), Object(Illuminate/Console/OutputStyle))
#41 C:/Users/Hp 1030-G2/Documents/danb-project/Denb-main/vendor/symfony/console/Application.php(1117): Illuminate/Console/Command->run(Object(Symfony/Component/Console/Input/ArgvInput), Object(Symfony/Component/Console/Output/ConsoleOutput))
#42 C:/Users/Hp 1030-G2/Documents/danb-project/Denb-main/vendor/symfony/console/Application.php(356): Symfony/Component/Console/Application->doRunCommand(Object(Illuminate/Database/Console/Migrations/FreshCommand), Object(Symfony/Component/Console/Input/ArgvInput), Object(Symfony/Component/Console/Output/ConsoleOutput))
#43 C:/Users/Hp 1030-G2/Documents/danb-project/Denb-main/vendor/symfony/console/Application.php(195): Symfony/Component/Console/Application->doRun(Object(Symfony/Component/Console/Input/ArgvInput), Object(Symfony/Component/Console/Output/ConsoleOutput))
#44 C:/Users/Hp 1030-G2/Documents/danb-project/Denb-main/vendor/laravel/framework/src/Illuminate/Foundation/Console/Kernel.php(198): Symfony/Component/Console/Application->run(Object(Symfony/Component/Console/Input/ArgvInput), Object(Symfony/Component/Console/Output/ConsoleOutput))
#45 C:/Users/Hp 1030-G2/Documents/danb-project/Denb-main/vendor/laravel/framework/src/Illuminate/Foundation/Application.php(1235): Illuminate/Foundation/Console/Kernel->handle(Object(Symfony/Component/Console/Input/ArgvInput), Object(Symfony/Component/Console/Output/ConsoleOutput))
#46 C:/Users/Hp 1030-G2/Documents/danb-project/Denb-main/artisan(16): Illuminate/Foundation/Application->handleCommand(Object(Symfony/Component/Console/Input/ArgvInput))
#47 {main}
"} 
[2026-09-22 15:06:20] local.ERROR: SQLSTATE[42S21]: Column already exists: 1060 Duplicate column name 'from_woreda_id' (Connection: mysql, Host: 127.0.0.1, Port: 3306, Database: callcenter, SQL: alter table `asset_transfers` add `from_woreda_id` bigint unsigned null) {"exception":"[object] (Illuminate\\Database\\QueryException(code: 42S21): SQLSTATE[42S21]: Column already exists: 1060 Duplicate column name 'from_woreda_id' (Connection: mysql, Host: 127.0.0.1, Port: 3306, Database: callcenter, SQL: alter table `asset_transfers` add `from_woreda_id` bigint unsigned null) at C:/Users/Hp 1030-G2/Documents/danb-project/Denb-main/vendor/laravel/framework/src/Illuminate/Database/Connection.php:838)
[stacktrace]
#0 C:/Users/Hp 1030-G2/Documents/danb-project/Denb-main/vendor/laravel/framework/src/Illuminate/Database/Connection.php(794): Illuminate/Database/Connection->runQueryCallback('alter table `as...', Array, Object(Closure))
#1 C:/Users/Hp 1030-G2/Documents/danb-project/Denb-main/vendor/laravel/framework/src/Illuminate/Database/Connection.php(573): Illuminate/Database/Connection->run('alter table `as...', Array, Object(Closure))
#2 C:/Users/Hp 1030-G2/Documents/danb-project/Denb-main/vendor/laravel/framework/src/Illuminate/Database/Schema/Blueprint.php(121): Illuminate/Database/Connection->statement('alter table `as...')
#3 C:/Users/Hp 1030-G2/Documents/danb-project/Denb-main/vendor/laravel/framework/src/Illuminate/Database/Schema/Builder.php(686): Illuminate/Database/Schema/Blueprint->build()
#4 C:/Users/Hp 1030-G2/Documents/danb-project/Denb-main/vendor/laravel/framework/src/Illuminate/Database/Schema/Builder.php(494): Illuminate/Database/Schema/Builder->build(Object(Illuminate/Database/Schema/Blueprint))
#5 C:/Users/Hp 1030-G2/Documents/danb-project/Denb-main/vendor/laravel/framework/src/Illuminate/Support/Facades/Facade.php(363): Illuminate/Database/Schema/Builder->table('asset_transfers', Object(Closure))
#6 C:/Users/Hp 1030-G2/Documents/danb-project/Denb-main/database/migrations/2026_04_10_060219_add_confirmation_fields_to_asset_transfers_table.php(14): Illuminate/Support/Facades/Facade::__callStatic('table', Array)
#7 C:/Users/Hp 1030-G2/Documents/danb-project/Denb-main/vendor/laravel/framework/src/Illuminate/Database/Migrations/Migrator.php(517): Illuminate/Database/Migrations/Migration@anonymous->up()
#8 C:/Users/Hp 1030-G2/Documents/danb-project/Denb-main/vendor/laravel/framework/src/Illuminate/Database/Migrations/Migrator.php(442): Illuminate/Database/Migrations/Migrator->runMethod(Object(Illuminate/Database/MySqlConnection), Object(Illuminate/Database/Migrations/Migration@anonymous), 'up')
#9 C:/Users/Hp 1030-G2/Documents/danb-project/Denb-main/vendor/laravel/framework/src/Illuminate/Database/Migrations/Migrator.php(451): Illuminate/Database/Migrations/Migrator->Illuminate/Database/Migrations/{closure}()
#10 C:/Users/Hp 1030-G2/Documents/danb-project/Denb-main/vendor/laravel/framework/src/Illuminate/Database/Migrations/Migrator.php(253): Illuminate/Database/Migrations/Migrator->runMigration(Object(Illuminate/Database/Migrations/Migration@anonymous), 'up')
#11 C:/Users/Hp 1030-G2/Documents/danb-project/Denb-main/vendor/laravel/framework/src/Illuminate/Console/View/Components/Task.php(41): Illuminate/Database/Migrations/Migrator->Illuminate/Database/Migrations/{closure}()
#12 C:/Users/Hp 1030-G2/Documents/danb-project/Denb-main/vendor/laravel/framework/src/Illuminate/Database/Migrations/Migrator.php(814): Illuminate/Console/View/Components/Task->render('2026_04_10_0602...', Object(Closure))
#13 C:/Users/Hp 1030-G2/Documents/danb-project/Denb-main/vendor/laravel/framework/src/Illuminate/Database/Migrations/Migrator.php(253): Illuminate/Database/Migrations/Migrator->write('Illuminate//Cons...', '2026_04_10_0602...', Object(Closure))
#14 C:/Users/Hp 1030-G2/Documents/danb-project/Denb-main/vendor/laravel/framework/src/Illuminate/Database/Migrations/Migrator.php(211): Illuminate/Database/Migrations/Migrator->runUp('C://Users//Hp 103...', 1, false)
#15 C:/Users/Hp 1030-G2/Documents/danb-project/Denb-main/vendor/laravel/framework/src/Illuminate/Database/Migrations/Migrator.php(138): Illuminate/Database/Migrations/Migrator->runPending(Array, Array)
#16 C:/Users/Hp 1030-G2/Documents/danb-project/Denb-main/vendor/laravel/framework/src/Illuminate/Database/Console/Migrations/MigrateCommand.php(116): Illuminate/Database/Migrations/Migrator->run(Array, Array)
#17 C:/Users/Hp 1030-G2/Documents/danb-project/Denb-main/vendor/laravel/framework/src/Illuminate/Database/Migrations/Migrator.php(671): Illuminate/Database/Console/Migrations/MigrateCommand->Illuminate/Database/Console/Migrations/{closure}()
#18 C:/Users/Hp 1030-G2/Documents/danb-project/Denb-main/vendor/laravel/framework/src/Illuminate/Database/Console/Migrations/MigrateCommand.php(109): Illuminate/Database/Migrations/Migrator->usingConnection(NULL, Object(Closure))
#19 C:/Users/Hp 1030-G2/Documents/danb-project/Denb-main/vendor/laravel/framework/src/Illuminate/Database/Console/Migrations/MigrateCommand.php(88): Illuminate/Database/Console/Migrations/MigrateCommand->runMigrations()
#20 C:/Users/Hp 1030-G2/Documents/danb-project/Denb-main/vendor/laravel/framework/src/Illuminate/Container/BoundMethod.php(36): Illuminate/Database/Console/Migrations/MigrateCommand->handle()
#21 C:/Users/Hp 1030-G2/Documents/danb-project/Denb-main/vendor/laravel/framework/src/Illuminate/Container/Util.php(43): Illuminate/Container/BoundMethod::Illuminate/Container/{closure}()
#22 C:/Users/Hp 1030-G2/Documents/danb-project/Denb-main/vendor/laravel/framework/src/Illuminate/Container/BoundMethod.php(96): Illuminate/Container/Util::unwrapIfClosure(Object(Closure))
#23 C:/Users/Hp 1030-G2/Documents/danb-project/Denb-main/vendor/laravel/framework/src/Illuminate/Container/BoundMethod.php(35): Illuminate/Container/BoundMethod::callBoundMethod(Object(Illuminate/Foundation/Application), Array, Object(Closure))
#24 C:/Users/Hp 1030-G2/Documents/danb-project/Denb-main/vendor/laravel/framework/src/Illuminate/Container/Container.php(799): Illuminate/Container/BoundMethod::call(Object(Illuminate/Foundation/Application), Array, Array, NULL)
#25 C:/Users/Hp 1030-G2/Documents/danb-project/Denb-main/vendor/laravel/framework/src/Illuminate/Console/Command.php(211): Illuminate/Container/Container->call(Array)
#26 C:/Users/Hp 1030-G2/Documents/danb-project/Denb-main/vendor/symfony/console/Command/Command.php(341): Illuminate/Console/Command->execute(Object(Symfony/Component/Console/Input/ArrayInput), Object(Illuminate/Console/OutputStyle))
#27 C:/Users/Hp 1030-G2/Documents/danb-project/Denb-main/vendor/laravel/framework/src/Illuminate/Console/Command.php(180): Symfony/Component/Console/Command/Command->run(Object(Symfony/Component/Console/Input/ArrayInput), Object(Illuminate/Console/OutputStyle))
#28 C:/Users/Hp 1030-G2/Documents/danb-project/Denb-main/vendor/laravel/framework/src/Illuminate/Console/Concerns/CallsCommands.php(68): Illuminate/Console/Command->run(Object(Symfony/Component/Console/Input/ArrayInput), Object(Illuminate/Console/OutputStyle))
#29 C:/Users/Hp 1030-G2/Documents/danb-project/Denb-main/vendor/laravel/framework/src/Illuminate/Console/Concerns/CallsCommands.php(29): Illuminate/Console/Command->runCommand('migrate', Array, Object(Illuminate/Console/OutputStyle))
#30 C:/Users/Hp 1030-G2/Documents/danb-project/Denb-main/vendor/laravel/framework/src/Illuminate/Database/Console/Migrations/FreshCommand.php(88): Illuminate/Console/Command->call('migrate', Array)
#31 C:/Users/Hp 1030-G2/Documents/danb-project/Denb-main/vendor/laravel/framework/src/Illuminate/Container/BoundMethod.php(36): Illuminate/Database/Console/Migrations/FreshCommand->handle()
#32 C:/Users/Hp 1030-G2/Documents/danb-project/Denb-main/vendor/laravel/framework/src/Illuminate/Container/Util.php(43): Illuminate/Container/BoundMethod::Illuminate/Container/{closure}()
#33 C:/Users/Hp 1030-G2/Documents/danb-project/Denb-main/vendor/laravel/framework/src/Illuminate/Container/BoundMethod.php(96): Illuminate/Container/Util::unwrapIfClosure(Object(Closure))
#34 C:/Users/Hp 1030-G2/Documents/danb-project/Denb-main/vendor/laravel/framework/src/Illuminate/Container/BoundMethod.php(35): Illuminate/Container/BoundMethod::callBoundMethod(Object(Illuminate/Foundation/Application), Array, Object(Closure))
#35 C:/Users/Hp 1030-G2/Documents/danb-project/Denb-main/vendor/laravel/framework/src/Illuminate/Container/Container.php(799): Illuminate/Container/BoundMethod::call(Object(Illuminate/Foundation/Application), Array, Array, NULL)
#36 C:/Users/Hp 1030-G2/Documents/danb-project/Denb-main/vendor/laravel/framework/src/Illuminate/Console/Command.php(211): Illuminate/Container/Container->call(Array)
#37 C:/Users/Hp 1030-G2/Documents/danb-project/Denb-main/vendor/symfony/console/Command/Command.php(341): Illuminate/Console/Command->execute(Object(Symfony/Component/Console/Input/ArgvInput), Object(Illuminate/Console/OutputStyle))
#38 C:/Users/Hp 1030-G2/Documents/danb-project/Denb-main/vendor/laravel/framework/src/Illuminate/Console/Command.php(180): Symfony/Component/Console/Command/Command->run(Object(Symfony/Component/Console/Input/ArgvInput), Object(Illuminate/Console/OutputStyle))
#39 C:/Users/Hp 1030-G2/Documents/danb-project/Denb-main/vendor/symfony/console/Application.php(1117): Illuminate/Console/Command->run(Object(Symfony/Component/Console/Input/ArgvInput), Object(Symfony/Component/Console/Output/ConsoleOutput))
#40 C:/Users/Hp 1030-G2/Documents/danb-project/Denb-main/vendor/symfony/console/Application.php(356): Symfony/Component/Console/Application->doRunCommand(Object(Illuminate/Database/Console/Migrations/FreshCommand), Object(Symfony/Component/Console/Input/ArgvInput), Object(Symfony/Component/Console/Output/ConsoleOutput))
#41 C:/Users/Hp 1030-G2/Documents/danb-project/Denb-main/vendor/symfony/console/Application.php(195): Symfony/Component/Console/Application->doRun(Object(Symfony/Component/Console/Input/ArgvInput), Object(Symfony/Component/Console/Output/ConsoleOutput))
#42 C:/Users/Hp 1030-G2/Documents/danb-project/Denb-main/vendor/laravel/framework/src/Illuminate/Foundation/Console/Kernel.php(198): Symfony/Component/Console/Application->run(Object(Symfony/Component/Console/Input/ArgvInput), Object(Symfony/Component/Console/Output/ConsoleOutput))
#43 C:/Users/Hp 1030-G2/Documents/danb-project/Denb-main/vendor/laravel/framework/src/Illuminate/Foundation/Application.php(1235): Illuminate/Foundation/Console/Kernel->handle(Object(Symfony/Component/Console/Input/ArgvInput), Object(Symfony/Component/Console/Output/ConsoleOutput))
#44 C:/Users/Hp 1030-G2/Documents/danb-project/Denb-main/artisan(16): Illuminate/Foundation/Application->handleCommand(Object(Symfony/Component/Console/Input/ArgvInput))
#45 {main}

[previous exception] [object] (PDOException(code: 42S21): SQLSTATE[42S21]: Column already exists: 1060 Duplicate column name 'from_woreda_id' at C:/Users/Hp 1030-G2/Documents/danb-project/Denb-main/vendor/laravel/framework/src/Illuminate/Database/Connection.php:584)
[stacktrace]
#0 C:/Users/Hp 1030-G2/Documents/danb-project/Denb-main/vendor/laravel/framework/src/Illuminate/Database/Connection.php(584): PDOStatement->execute()
#1 C:/Users/Hp 1030-G2/Documents/danb-project/Denb-main/vendor/laravel/framework/src/Illuminate/Database/Connection.php(827): Illuminate/Database/Connection->Illuminate/Database/{closure}('alter table `as...', Array)
#2 C:/Users/Hp 1030-G2/Documents/danb-project/Denb-main/vendor/laravel/framework/src/Illuminate/Database/Connection.php(794): Illuminate/Database/Connection->runQueryCallback('alter table `as...', Array, Object(Closure))
#3 C:/Users/Hp 1030-G2/Documents/danb-project/Denb-main/vendor/laravel/framework/src/Illuminate/Database/Connection.php(573): Illuminate/Database/Connection->run('alter table `as...', Array, Object(Closure))
#4 C:/Users/Hp 1030-G2/Documents/danb-project/Denb-main/vendor/laravel/framework/src/Illuminate/Database/Schema/Blueprint.php(121): Illuminate/Database/Connection->statement('alter table `as...')
#5 C:/Users/Hp 1030-G2/Documents/danb-project/Denb-main/vendor/laravel/framework/src/Illuminate/Database/Schema/Builder.php(686): Illuminate/Database/Schema/Blueprint->build()
#6 C:/Users/Hp 1030-G2/Documents/danb-project/Denb-main/vendor/laravel/framework/src/Illuminate/Database/Schema/Builder.php(494): Illuminate/Database/Schema/Builder->build(Object(Illuminate/Database/Schema/Blueprint))
#7 C:/Users/Hp 1030-G2/Documents/danb-project/Denb-main/vendor/laravel/framework/src/Illuminate/Support/Facades/Facade.php(363): Illuminate/Database/Schema/Builder->table('asset_transfers', Object(Closure))
#8 C:/Users/Hp 1030-G2/Documents/danb-project/Denb-main/database/migrations/2026_04_10_060219_add_confirmation_fields_to_asset_transfers_table.php(14): Illuminate/Support/Facades/Facade::__callStatic('table', Array)
#9 C:/Users/Hp 1030-G2/Documents/danb-project/Denb-main/vendor/laravel/framework/src/Illuminate/Database/Migrations/Migrator.php(517): Illuminate/Database/Migrations/Migration@anonymous->up()
#10 C:/Users/Hp 1030-G2/Documents/danb-project/Denb-main/vendor/laravel/framework/src/Illuminate/Database/Migrations/Migrator.php(442): Illuminate/Database/Migrations/Migrator->runMethod(Object(Illuminate/Database/MySqlConnection), Object(Illuminate/Database/Migrations/Migration@anonymous), 'up')
#11 C:/Users/Hp 1030-G2/Documents/danb-project/Denb-main/vendor/laravel/framework/src/Illuminate/Database/Migrations/Migrator.php(451): Illuminate/Database/Migrations/Migrator->Illuminate/Database/Migrations/{closure}()
#12 C:/Users/Hp 1030-G2/Documents/danb-project/Denb-main/vendor/laravel/framework/src/Illuminate/Database/Migrations/Migrator.php(253): Illuminate/Database/Migrations/Migrator->runMigration(Object(Illuminate/Database/Migrations/Migration@anonymous), 'up')
#13 C:/Users/Hp 1030-G2/Documents/danb-project/Denb-main/vendor/laravel/framework/src/Illuminate/Console/View/Components/Task.php(41): Illuminate/Database/Migrations/Migrator->Illuminate/Database/Migrations/{closure}()
#14 C:/Users/Hp 1030-G2/Documents/danb-project/Denb-main/vendor/laravel/framework/src/Illuminate/Database/Migrations/Migrator.php(814): Illuminate/Console/View/Components/Task->render('2026_04_10_0602...', Object(Closure))
#15 C:/Users/Hp 1030-G2/Documents/danb-project/Denb-main/vendor/laravel/framework/src/Illuminate/Database/Migrations/Migrator.php(253): Illuminate/Database/Migrations/Migrator->write('Illuminate//Cons...', '2026_04_10_0602...', Object(Closure))
#16 C:/Users/Hp 1030-G2/Documents/danb-project/Denb-main/vendor/laravel/framework/src/Illuminate/Database/Migrations/Migrator.php(211): Illuminate/Database/Migrations/Migrator->runUp('C://Users//Hp 103...', 1, false)
#17 C:/Users/Hp 1030-G2/Documents/danb-project/Denb-main/vendor/laravel/framework/src/Illuminate/Database/Migrations/Migrator.php(138): Illuminate/Database/Migrations/Migrator->runPending(Array, Array)
#18 C:/Users/Hp 1030-G2/Documents/danb-project/Denb-main/vendor/laravel/framework/src/Illuminate/Database/Console/Migrations/MigrateCommand.php(116): Illuminate/Database/Migrations/Migrator->run(Array, Array)
#19 C:/Users/Hp 1030-G2/Documents/danb-project/Denb-main/vendor/laravel/framework/src/Illuminate/Database/Migrations/Migrator.php(671): Illuminate/Database/Console/Migrations/MigrateCommand->Illuminate/Database/Console/Migrations/{closure}()
#20 C:/Users/Hp 1030-G2/Documents/danb-project/Denb-main/vendor/laravel/framework/src/Illuminate/Database/Console/Migrations/MigrateCommand.php(109): Illuminate/Database/Migrations/Migrator->usingConnection(NULL, Object(Closure))
#21 C:/Users/Hp 1030-G2/Documents/danb-project/Denb-main/vendor/laravel/framework/src/Illuminate/Database/Console/Migrations/MigrateCommand.php(88): Illuminate/Database/Console/Migrations/MigrateCommand->runMigrations()
#22 C:/Users/Hp 1030-G2/Documents/danb-project/Denb-main/vendor/laravel/framework/src/Illuminate/Container/BoundMethod.php(36): Illuminate/Database/Console/Migrations/MigrateCommand->handle()
#23 C:/Users/Hp 1030-G2/Documents/danb-project/Denb-main/vendor/laravel/framework/src/Illuminate/Container/Util.php(43): Illuminate/Container/BoundMethod::Illuminate/Container/{closure}()
#24 C:/Users/Hp 1030-G2/Documents/danb-project/Denb-main/vendor/laravel/framework/src/Illuminate/Container/BoundMethod.php(96): Illuminate/Container/Util::unwrapIfClosure(Object(Closure))
#25 C:/Users/Hp 1030-G2/Documents/danb-project/Denb-main/vendor/laravel/framework/src/Illuminate/Container/BoundMethod.php(35): Illuminate/Container/BoundMethod::callBoundMethod(Object(Illuminate/Foundation/Application), Array, Object(Closure))
#26 C:/Users/Hp 1030-G2/Documents/danb-project/Denb-main/vendor/laravel/framework/src/Illuminate/Container/Container.php(799): Illuminate/Container/BoundMethod::call(Object(Illuminate/Foundation/Application), Array, Array, NULL)
#27 C:/Users/Hp 1030-G2/Documents/danb-project/Denb-main/vendor/laravel/framework/src/Illuminate/Console/Command.php(211): Illuminate/Container/Container->call(Array)
#28 C:/Users/Hp 1030-G2/Documents/danb-project/Denb-main/vendor/symfony/console/Command/Command.php(341): Illuminate/Console/Command->execute(Object(Symfony/Component/Console/Input/ArrayInput), Object(Illuminate/Console/OutputStyle))
#29 C:/Users/Hp 1030-G2/Documents/danb-project/Denb-main/vendor/laravel/framework/src/Illuminate/Console/Command.php(180): Symfony/Component/Console/Command/Command->run(Object(Symfony/Component/Console/Input/ArrayInput), Object(Illuminate/Console/OutputStyle))
#30 C:/Users/Hp 1030-G2/Documents/danb-project/Denb-main/vendor/laravel/framework/src/Illuminate/Console/Concerns/CallsCommands.php(68): Illuminate/Console/Command->run(Object(Symfony/Component/Console/Input/ArrayInput), Object(Illuminate/Console/OutputStyle))
#31 C:/Users/Hp 1030-G2/Documents/danb-project/Denb-main/vendor/laravel/framework/src/Illuminate/Console/Concerns/CallsCommands.php(29): Illuminate/Console/Command->runCommand('migrate', Array, Object(Illuminate/Console/OutputStyle))
#32 C:/Users/Hp 1030-G2/Documents/danb-project/Denb-main/vendor/laravel/framework/src/Illuminate/Database/Console/Migrations/FreshCommand.php(88): Illuminate/Console/Command->call('migrate', Array)
#33 C:/Users/Hp 1030-G2/Documents/danb-project/Denb-main/vendor/laravel/framework/src/Illuminate/Container/BoundMethod.php(36): Illuminate/Database/Console/Migrations/FreshCommand->handle()
#34 C:/Users/Hp 1030-G2/Documents/danb-project/Denb-main/vendor/laravel/framework/src/Illuminate/Container/Util.php(43): Illuminate/Container/BoundMethod::Illuminate/Container/{closure}()
#35 C:/Users/Hp 1030-G2/Documents/danb-project/Denb-main/vendor/laravel/framework/src/Illuminate/Container/BoundMethod.php(96): Illuminate/Container/Util::unwrapIfClosure(Object(Closure))
#36 C:/Users/Hp 1030-G2/Documents/danb-project/Denb-main/vendor/laravel/framework/src/Illuminate/Container/BoundMethod.php(35): Illuminate/Container/BoundMethod::callBoundMethod(Object(Illuminate/Foundation/Application), Array, Object(Closure))
#37 C:/Users/Hp 1030-G2/Documents/danb-project/Denb-main/vendor/laravel/framework/src/Illuminate/Container/Container.php(799): Illuminate/Container/BoundMethod::call(Object(Illuminate/Foundation/Application), Array, Array, NULL)
#38 C:/Users/Hp 1030-G2/Documents/danb-project/Denb-main/vendor/laravel/framework/src/Illuminate/Console/Command.php(211): Illuminate/Container/Container->call(Array)
#39 C:/Users/Hp 1030-G2/Documents/danb-project/Denb-main/vendor/symfony/console/Command/Command.php(341): Illuminate/Console/Command->execute(Object(Symfony/Component/Console/Input/ArgvInput), Object(Illuminate/Console/OutputStyle))
#40 C:/Users/Hp 1030-G2/Documents/danb-project/Denb-main/vendor/laravel/framework/src/Illuminate/Console/Command.php(180): Symfony/Component/Console/Command/Command->run(Object(Symfony/Component/Console/Input/ArgvInput), Object(Illuminate/Console/OutputStyle))
#41 C:/Users/Hp 1030-G2/Documents/danb-project/Denb-main/vendor/symfony/console/Application.php(1117): Illuminate/Console/Command->run(Object(Symfony/Component/Console/Input/ArgvInput), Object(Symfony/Component/Console/Output/ConsoleOutput))
#42 C:/Users/Hp 1030-G2/Documents/danb-project/Denb-main/vendor/symfony/console/Application.php(356): Symfony/Component/Console/Application->doRunCommand(Object(Illuminate/Database/Console/Migrations/FreshCommand), Object(Symfony/Component/Console/Input/ArgvInput), Object(Symfony/Component/Console/Output/ConsoleOutput))
#43 C:/Users/Hp 1030-G2/Documents/danb-project/Denb-main/vendor/symfony/console/Application.php(195): Symfony/Component/Console/Application->doRun(Object(Symfony/Component/Console/Input/ArgvInput), Object(Symfony/Component/Console/Output/ConsoleOutput))
#44 C:/Users/Hp 1030-G2/Documents/danb-project/Denb-main/vendor/laravel/framework/src/Illuminate/Foundation/Console/Kernel.php(198): Symfony/Component/Console/Application->run(Object(Symfony/Component/Console/Input/ArgvInput), Object(Symfony/Component/Console/Output/ConsoleOutput))
#45 C:/Users/Hp 1030-G2/Documents/danb-project/Denb-main/vendor/laravel/framework/src/Illuminate/Foundation/Application.php(1235): Illuminate/Foundation/Console/Kernel->handle(Object(Symfony/Component/Console/Input/ArgvInput), Object(Symfony/Component/Console/Output/ConsoleOutput))
#46 C:/Users/Hp 1030-G2/Documents/danb-project/Denb-main/artisan(16): Illuminate/Foundation/Application->handleCommand(Object(Symfony/Component/Console/Input/ArgvInput))
#47 {main}
"} 
[2026-09-22 17:42:07] local.ERROR: Class "App\Support\Filament\PanelAccess" not found (View: C:\Users\Hp 1030-G2\Documents\danb-project\Denb-main\vendor\filament\filament\resources\views\livewire\sidebar.blade.php) (View: C:\Users\Hp 1030-G2\Documents\danb-project\Denb-main\vendor\filament\filament\resources\views\livewire\sidebar.blade.php) (View: C:\Users\Hp 1030-G2\Documents\danb-project\Denb-main\vendor\filament\filament\resources\views\livewire\sidebar.blade.php) {"userId":1,"exception":"[object] (Illuminate\\View\\ViewException(code: 0): Class \"App\\Support\\Filament\\PanelAccess\" not found (View: C:\\Users\\Hp 1030-G2\\Documents\\danb-project\\Denb-main\\vendor\\filament\\filament\\resources\\views\\livewire\\sidebar.blade.php) (View: C:\\Users\\Hp 1030-G2\\Documents\\danb-project\\Denb-main\\vendor\\filament\\filament\\resources\\views\\livewire\\sidebar.blade.php) (View: C:\\Users\\Hp 1030-G2\\Documents\\danb-project\\Denb-main\\vendor\\filament\\filament\\resources\\views\\livewire\\sidebar.blade.php) at C:/Users/Hp 1030-G2/Documents/danb-project/Denb-main/app/Filament/Pages/EmployeeReports.php:43)
[stacktrace]
#0 C:/Users/Hp 1030-G2/Documents/danb-project/Denb-main/vendor/livewire/livewire/src/Mechanisms/ExtendBlade/ExtendedCompilerEngine.php(58): Illuminate/View/Engines/CompilerEngine->handleViewException(Object(Illuminate/View/ViewException), 1)
#1 C:/Users/Hp 1030-G2/Documents/danb-project/Denb-main/vendor/laravel/framework/src/Illuminate/View/Engines/PhpEngine.php(59): Livewire/Mechanisms/ExtendBlade/ExtendedCompilerEngine->handleViewException(Object(Illuminate/View/ViewException), 1)
#2 C:/Users/Hp 1030-G2/Documents/danb-project/Denb-main/vendor/livewire/livewire/src/Mechanisms/ExtendBlade/ExtendedCompilerEngine.php(22): Illuminate/View/Engines/PhpEngine->evaluatePath('C://Users//Hp 103...', Array)
#3 C:/Users/Hp 1030-G2/Documents/danb-project/Denb-main/vendor/laravel/framework/src/Illuminate/View/Engines/CompilerEngine.php(76): Livewire/Mechanisms/ExtendBlade/ExtendedCompilerEngine->evaluatePath('C://Users//Hp 103...', Array)
#4 C:/Users/Hp 1030-G2/Documents/danb-project/Denb-main/vendor/livewire/livewire/src/Mechanisms/ExtendBlade/ExtendedCompilerEngine.php(10): Illuminate/View/Engines/CompilerEngine->get('C://Users//Hp 103...', Array)
#5 C:/Users/Hp 1030-G2/Documents/danb-project/Denb-main/vendor/laravel/framework/src/Illuminate/View/View.php(208): Livewire/Mechanisms/ExtendBlade/ExtendedCompilerEngine->get('C://Users//Hp 103...', Array)
#6 C:/Users/Hp 1030-G2/Documents/danb-project/Denb-main/vendor/laravel/framework/src/Illuminate/View/View.php(191): Illuminate/View/View->getContents()
#7 C:/Users/Hp 1030-G2/Documents/danb-project/Denb-main/vendor/laravel/framework/src/Illuminate/View/View.php(160): Illuminate/View/View->renderContents()
#8 C:/Users/Hp 1030-G2/Documents/danb-project/Denb-main/vendor/laravel/framework/src/Illuminate/View/Compilers/BladeCompiler.php(353): Illuminate/View/View->render()
#9 C:/Users/Hp 1030-G2/Documents/danb-project/Denb-main/vendor/laravel/framework/src/Illuminate/Support/Facades/Facade.php(363): Illuminate/View/Compilers/BladeCompiler::render('    <?php $layo...', Array)
#10 C:/Users/Hp 1030-G2/Documents/danb-project/Denb-main/vendor/livewire/livewire/src/Features/SupportPageComponents/SupportPageComponents.php(162): Illuminate/Support/Facades/Facade::__callStatic('render', Array)
#11 C:/Users/Hp 1030-G2/Documents/danb-project/Denb-main/vendor/livewire/livewire/src/Features/SupportPageComponents/HandlesPageComponents.php(26): Livewire/Features/SupportPageComponents/SupportPageComponents::renderContentsIntoLayout('<div wire:snaps...', Object(Livewire/Features/SupportPageComponents/PageComponentConfig))
#12 C:/Users/Hp 1030-G2/Documents/danb-project/Denb-main/vendor/laravel/framework/src/Illuminate/Routing/ControllerDispatcher.php(46): Livewire/Component->__invoke()
#13 C:/Users/Hp 1030-G2/Documents/danb-project/Denb-main/vendor/laravel/framework/src/Illuminate/Routing/Route.php(265): Illuminate/Routing/ControllerDispatcher->dispatch(Object(Illuminate/Routing/Route), Object(Filament/Pages/Dashboard), '__invoke')
#14 C:/Users/Hp 1030-G2/Documents/danb-project/Denb-main/vendor/laravel/framework/src/Illuminate/Routing/Route.php(211): Illuminate/Routing/Route->runController()
#15 C:/Users/Hp 1030-G2/Documents/danb-project/Denb-main/vendor/laravel/framework/src/Illuminate/Routing/Router.php(822): Illuminate/Routing/Route->run()
#16 C:/Users/Hp 1030-G2/Documents/danb-project/Denb-main/vendor/laravel/framework/src/Illuminate/Pipeline/Pipeline.php(180): Illuminate/Routing/Router->Illuminate/Routing/{closure}(Object(Illuminate/Http/Request))
#17 C:/Users/Hp 1030-G2/Documents/danb-project/Denb-main/vendor/filament/filament/src/Http/Middleware/DispatchServingFilamentEvent.php(15): Illuminate/Pipeline/Pipeline->Illuminate/Pipeline/{closure}(Object(Illuminate/Http/Request))
#18 C:/Users/Hp 1030-G2/Documents/danb-project/Denb-main/vendor/laravel/framework/src/Illuminate/Pipeline/Pipeline.php(219): Filament/Http/Middleware/DispatchServingFilamentEvent->handle(Object(Illuminate/Http/Request), Object(Closure))
#19 C:/Users/Hp 1030-G2/Documents/danb-project/Denb-main/vendor/filament/filament/src/Http/Middleware/DisableBladeIconComponents.php(14): Illuminate/Pipeline/Pipeline->Illuminate/Pipeline/{closure}(Object(Illuminate/Http/Request))
#20 C:/Users/Hp 1030-G2/Documents/danb-project/Denb-main/vendor/laravel/framework/src/Illuminate/Pipeline/Pipeline.php(219): Filament/Http/Middleware/DisableBladeIconComponents->handle(Object(Illuminate/Http/Request), Object(Closure))
#21 C:/Users/Hp 1030-G2/Documents/danb-project/Denb-main/vendor/laravel/framework/src/Illuminate/Routing/Middleware/SubstituteBindings.php(50): Illuminate/Pipeline/Pipeline->Illuminate/Pipeline/{closure}(Object(Illuminate/Http/Request))
#22 C:/Users/Hp 1030-G2/Documents/danb-project/Denb-main/vendor/laravel/framework/src/Illuminate/Pipeline/Pipeline.php(219): Illuminate/Routing/Middleware/SubstituteBindings->handle(Object(Illuminate/Http/Request), Object(Closure))
#23 C:/Users/Hp 1030-G2/Documents/danb-project/Denb-main/vendor/laravel/framework/src/Illuminate/Foundation/Http/Middleware/VerifyCsrfToken.php(87): Illuminate/Pipeline/Pipeline->Illuminate/Pipeline/{closure}(Object(Illuminate/Http/Request))
#24 C:/Users/Hp 1030-G2/Documents/danb-project/Denb-main/vendor/laravel/framework/src/Illuminate/Pipeline/Pipeline.php(219): Illuminate/Foundation/Http/Middleware/VerifyCsrfToken->handle(Object(Illuminate/Http/Request), Object(Closure))
#25 C:/Users/Hp 1030-G2/Documents/danb-project/Denb-main/vendor/laravel/framework/src/Illuminate/Session/Middleware/AuthenticateSession.php(70): Illuminate/Pipeline/Pipeline->Illuminate/Pipeline/{closure}(Object(Illuminate/Http/Request))
#26 C:/Users/Hp 1030-G2/Documents/danb-project/Denb-main/vendor/laravel/framework/src/Illuminate/Pipeline/Pipeline.php(219): Illuminate/Session/Middleware/AuthenticateSession->handle(Object(Illuminate/Http/Request), Object(Closure))
#27 C:/Users/Hp 1030-G2/Documents/danb-project/Denb-main/vendor/laravel/framework/src/Illuminate/Auth/Middleware/Authenticate.php(63): Illuminate/Pipeline/Pipeline->Illuminate/Pipeline/{closure}(Object(Illuminate/Http/Request))
#28 C:/Users/Hp 1030-G2/Documents/danb-project/Denb-main/vendor/laravel/framework/src/Illuminate/Pipeline/Pipeline.php(219): Illuminate/Auth/Middleware/Authenticate->handle(Object(Illuminate/Http/Request), Object(Closure))
#29 C:/Users/Hp 1030-G2/Documents/danb-project/Denb-main/vendor/laravel/framework/src/Illuminate/View/Middleware/ShareErrorsFromSession.php(48): Illuminate/Pipeline/Pipeline->Illuminate/Pipeline/{closure}(Object(Illuminate/Http/Request))
#30 C:/Users/Hp 1030-G2/Documents/danb-project/Denb-main/vendor/laravel/framework/src/Illuminate/Pipeline/Pipeline.php(219): Illuminate/View/Middleware/ShareErrorsFromSession->handle(Object(Illuminate/Http/Request), Object(Closure))
#31 C:/Users/Hp 1030-G2/Documents/danb-project/Denb-main/vendor/laravel/framework/src/Illuminate/Session/Middleware/StartSession.php(120): Illuminate/Pipeline/Pipeline->Illuminate/Pipeline/{closure}(Object(Illuminate/Http/Request))
#32 C:/Users/Hp 1030-G2/Documents/danb-project/Denb-main/vendor/laravel/framework/src/Illuminate/Session/Middleware/StartSession.php(63): Illuminate/Session/Middleware/StartSession->handleStatefulRequest(Object(Illuminate/Http/Request), Object(Illuminate/Session/Store), Object(Closure))
#33 C:/Users/Hp 1030-G2/Documents/danb-project/Denb-main/vendor/laravel/framework/src/Illuminate/Pipeline/Pipeline.php(219): Illuminate/Session/Middleware/StartSession->handle(Object(Illuminate/Http/Request), Object(Closure))
#34 C:/Users/Hp 1030-G2/Documents/danb-project/Denb-main/vendor/laravel/framework/src/Illuminate/Cookie/Middleware/AddQueuedCookiesToResponse.php(36): Illuminate/Pipeline/Pipeline->Illuminate/Pipeline/{closure}(Object(Illuminate/Http/Request))
#35 C:/Users/Hp 1030-G2/Documents/danb-project/Denb-main/vendor/laravel/framework/src/Illuminate/Pipeline/Pipeline.php(219): Illuminate/Cookie/Middleware/AddQueuedCookiesToResponse->handle(Object(Illuminate/Http/Request), Object(Closure))
#36 C:/Users/Hp 1030-G2/Documents/danb-project/Denb-main/vendor/laravel/framework/src/Illuminate/Cookie/Middleware/EncryptCookies.php(74): Illuminate/Pipeline/Pipeline->Illuminate/Pipeline/{closure}(Object(Illuminate/Http/Request))
#37 C:/Users/Hp 1030-G2/Documents/danb-project/Denb-main/vendor/laravel/framework/src/Illuminate/Pipeline/Pipeline.php(219): Illuminate/Cookie/Middleware/EncryptCookies->handle(Object(Illuminate/Http/Request), Object(Closure))
#38 C:/Users/Hp 1030-G2/Documents/danb-project/Denb-main/vendor/filament/filament/src/Http/Middleware/SetUpPanel.php(19): Illuminate/Pipeline/Pipeline->Illuminate/Pipeline/{closure}(Object(Illuminate/Http/Request))
#39 C:/Users/Hp 1030-G2/Documents/danb-project/Denb-main/vendor/laravel/framework/src/Illuminate/Pipeline/Pipeline.php(219): Filament/Http/Middleware/SetUpPanel->handle(Object(Illuminate/Http/Request), Object(Closure), Object(Filament/Panel))
#40 C:/Users/Hp 1030-G2/Documents/danb-project/Denb-main/vendor/laravel/framework/src/Illuminate/Pipeline/Pipeline.php(137): Illuminate/Pipeline/Pipeline->Illuminate/Pipeline/{closure}(Object(Illuminate/Http/Request))
#41 C:/Users/Hp 1030-G2/Documents/danb-project/Denb-main/vendor/laravel/framework/src/Illuminate/Routing/Router.php(821): Illuminate/Pipeline/Pipeline->then(Object(Closure))
#42 C:/Users/Hp 1030-G2/Documents/danb-project/Denb-main/vendor/laravel/framework/src/Illuminate/Routing/Router.php(800): Illuminate/Routing/Router->runRouteWithinStack(Object(Illuminate/Routing/Route), Object(Illuminate/Http/Request))
#43 C:/Users/Hp 1030-G2/Documents/danb-project/Denb-main/vendor/laravel/framework/src/Illuminate/Routing/Router.php(764): Illuminate/Routing/Router->runRoute(Object(Illuminate/Http/Request), Object(Illuminate/Routing/Route))
#44 C:/Users/Hp 1030-G2/Documents/danb-project/Denb-main/vendor/laravel/framework/src/Illuminate/Routing/Router.php(753): Illuminate/Routing/Router->dispatchToRoute(Object(Illuminate/Http/Request))
#45 C:/Users/Hp 1030-G2/Documents/danb-project/Denb-main/vendor/laravel/framework/src/Illuminate/Foundation/Http/Kernel.php(200): Illuminate/Routing/Router->dispatch(Object(Illuminate/Http/Request))
#46 C:/Users/Hp 1030-G2/Documents/danb-project/Denb-main/vendor/laravel/framework/src/Illuminate/Pipeline/Pipeline.php(180): Illuminate/Foundation/Http/Kernel->Illuminate/Foundation/Http/{closure}(Object(Illuminate/Http/Request))
#47 C:/Users/Hp 1030-G2/Documents/danb-project/Denb-main/vendor/livewire/livewire/src/Features/SupportDisablingBackButtonCache/DisableBackButtonCacheMiddleware.php(19): Illuminate/Pipeline/Pipeline->Illuminate/Pipeline/{closure}(Object(Illuminate/Http/Request))
#48 C:/Users/Hp 1030-G2/Documents/danb-project/Denb-main/vendor/laravel/framework/src/Illuminate/Pipeline/Pipeline.php(219): Livewire/Features/SupportDisablingBackButtonCache/DisableBackButtonCacheMiddleware->handle(Object(Illuminate/Http/Request), Object(Closure))
#49 C:/Users/Hp 1030-G2/Documents/danb-project/Denb-main/vendor/laravel/framework/src/Illuminate/Foundation/Http/Middleware/TransformsRequest.php(21): Illuminate/Pipeline/Pipeline->Illuminate/Pipeline/{closure}(Object(Illuminate/Http/Request))
#50 C:/Users/Hp 1030-G2/Documents/danb-project/Denb-main/vendor/laravel/framework/src/Illuminate/Foundation/Http/Middleware/ConvertEmptyStringsToNull.php(31): Illuminate/Foundation/Http/Middleware/TransformsRequest->handle(Object(Illuminate/Http/Request), Object(Closure))
#51 C:/Users/Hp 1030-G2/Documents/danb-project/Denb-main/vendor/laravel/framework/src/Illuminate/Pipeline/Pipeline.php(219): Illuminate/Foundation/Http/Middleware/ConvertEmptyStringsToNull->handle(Object(Illuminate/Http/Request), Object(Closure))
#52 C:/Users/Hp 1030-G2/Documents/danb-project/Denb-main/vendor/laravel/framework/src/Illuminate/Foundation/Http/Middleware/TransformsRequest.php(21): Illuminate/Pipeline/Pipeline->Illuminate/Pipeline/{closure}(Object(Illuminate/Http/Request))
#53 C:/Users/Hp 1030-G2/Documents/danb-project/Denb-main/vendor/laravel/framework/src/Illuminate/Foundation/Http/Middleware/TrimStrings.php(51): Illuminate/Foundation/Http/Middleware/TransformsRequest->handle(Object(Illuminate/Http/Request), Object(Closure))
#54 C:/Users/Hp 1030-G2/Documents/danb-project/Denb-main/vendor/laravel/framework/src/Illuminate/Pipeline/Pipeline.php(219): Illuminate/Foundation/Http/Middleware/TrimStrings->handle(Object(Illuminate/Http/Request), Object(Closure))
#55 C:/Users/Hp 1030-G2/Documents/danb-project/Denb-main/vendor/laravel/framework/src/Illuminate/Http/Middleware/ValidatePostSize.php(27): Illuminate/Pipeline/Pipeline->Illuminate/Pipeline/{closure}(Object(Illuminate/Http/Request))
#56 C:/Users/Hp 1030-G2/Documents/danb-project/Denb-main/vendor/laravel/framework/src/Illuminate/Pipeline/Pipeline.php(219): Illuminate/Http/Middleware/ValidatePostSize->handle(Object(Illuminate/Http/Request), Object(Closure))
#57 C:/Users/Hp 1030-G2/Documents/danb-project/Denb-main/vendor/laravel/framework/src/Illuminate/Foundation/Http/Middleware/PreventRequestsDuringMaintenance.php(109): Illuminate/Pipeline/Pipeline->Illuminate/Pipeline/{closure}(Object(Illuminate/Http/Request))
#58 C:/Users/Hp 1030-G2/Documents/danb-project/Denb-main/vendor/laravel/framework/src/Illuminate/Pipeline/Pipeline.php(219): Illuminate/Foundation/Http/Middleware/PreventRequestsDuringMaintenance->handle(Object(Illuminate/Http/Request), Object(Closure))
#59 C:/Users/Hp 1030-G2/Documents/danb-project/Denb-main/vendor/laravel/framework/src/Illuminate/Http/Middleware/HandleCors.php(61): Illuminate/Pipeline/Pipeline->Illuminate/Pipeline/{closure}(Object(Illuminate/Http/Request))
#60 C:/Users/Hp 1030-G2/Documents/danb-project/Denb-main/vendor/laravel/framework/src/Illuminate/Pipeline/Pipeline.php(219): Illuminate/Http/Middleware/HandleCors->handle(Object(Illuminate/Http/Request), Object(Closure))
#61 C:/Users/Hp 1030-G2/Documents/danb-project/Denb-main/vendor/laravel/framework/src/Illuminate/Http/Middleware/TrustProxies.php(58): Illuminate/Pipeline/Pipeline->Illuminate/Pipeline/{closure}(Object(Illuminate/Http/Request))
#62 C:/Users/Hp 1030-G2/Documents/danb-project/Denb-main/vendor/laravel/framework/src/Illuminate/Pipeline/Pipeline.php(219): Illuminate/Http/Middleware/TrustProxies->handle(Object(Illuminate/Http/Request), Object(Closure))
#63 C:/Users/Hp 1030-G2/Documents/danb-project/Denb-main/vendor/laravel/framework/src/Illuminate/Foundation/Http/Middleware/InvokeDeferredCallbacks.php(22): Illuminate/Pipeline/Pipeline->Illuminate/Pipeline/{closure}(Object(Illuminate/Http/Request))
#64 C:/Users/Hp 1030-G2/Documents/danb-project/Denb-main/vendor/laravel/framework/src/Illuminate/Pipeline/Pipeline.php(219): Illuminate/Foundation/Http/Middleware/InvokeDeferredCallbacks->handle(Object(Illuminate/Http/Request), Object(Closure))
#65 C:/Users/Hp 1030-G2/Documents/danb-project/Denb-main/vendor/laravel/framework/src/Illuminate/Http/Middleware/ValidatePathEncoding.php(26): Illuminate/Pipeline/Pipeline->Illuminate/Pipeline/{closure}(Object(Illuminate/Http/Request))
#66 C:/Users/Hp 1030-G2/Documents/danb-project/Denb-main/vendor/laravel/framework/src/Illuminate/Pipeline/Pipeline.php(219): Illuminate/Http/Middleware/ValidatePathEncoding->handle(Object(Illuminate/Http/Request), Object(Closure))
#67 C:/Users/Hp 1030-G2/Documents/danb-project/Denb-main/vendor/laravel/framework/src/Illuminate/Pipeline/Pipeline.php(137): Illuminate/Pipeline/Pipeline->Illuminate/Pipeline/{closure}(Object(Illuminate/Http/Request))
#68 C:/Users/Hp 1030-G2/Documents/danb-project/Denb-main/vendor/laravel/framework/src/Illuminate/Foundation/Http/Kernel.php(175): Illuminate/Pipeline/Pipeline->then(Object(Closure))
#69 C:/Users/Hp 1030-G2/Documents/danb-project/Denb-main/vendor/laravel/framework/src/Illuminate/Foundation/Http/Kernel.php(144): Illuminate/Foundation/Http/Kernel->sendRequestThroughRouter(Object(Illuminate/Http/Request))
#70 C:/Users/Hp 1030-G2/Documents/danb-project/Denb-main/vendor/laravel/framework/src/Illuminate/Foundation/Application.php(1220): Illuminate/Foundation/Http/Kernel->handle(Object(Illuminate/Http/Request))
#71 C:/Users/Hp 1030-G2/Documents/danb-project/Denb-main/public/index.php(20): Illuminate/Foundation/Application->handleRequest(Object(Illuminate/Http/Request))
#72 C:/Users/Hp 1030-G2/Documents/danb-project/Denb-main/vendor/laravel/framework/src/Illuminate/Foundation/resources/server.php(23): require_once('C://Users//Hp 103...')
#73 {main}

[previous exception] [object] (Illuminate\\View\\ViewException(code: 0): Class \"App\\Support\\Filament\\PanelAccess\" not found (View: C:\\Users\\Hp 1030-G2\\Documents\\danb-project\\Denb-main\\vendor\\filament\\filament\\resources\\views\\livewire\\sidebar.blade.php) (View: C:\\Users\\Hp 1030-G2\\Documents\\danb-project\\Denb-main\\vendor\\filament\\filament\\resources\\views\\livewire\\sidebar.blade.php) at C:/Users/Hp 1030-G2/Documents/danb-project/Denb-main/app/Filament/Pages/EmployeeReports.php:43)
[stacktrace]
#0 C:/Users/Hp 1030-G2/Documents/danb-project/Denb-main/vendor/livewire/livewire/src/Mechanisms/ExtendBlade/ExtendedCompilerEngine.php(58): Illuminate/View/Engines/CompilerEngine->handleViewException(Object(Illuminate/View/ViewException), 2)
#1 C:/Users/Hp 1030-G2/Documents/danb-project/Denb-main/vendor/laravel/framework/src/Illuminate/View/Engines/PhpEngine.php(59): Livewire/Mechanisms/ExtendBlade/ExtendedCompilerEngine->handleViewException(Object(Illuminate/View/ViewException), 2)
#2 C:/Users/Hp 1030-G2/Documents/danb-project/Denb-main/vendor/livewire/livewire/src/Mechanisms/ExtendBlade/ExtendedCompilerEngine.php(22): Illuminate/View/Engines/PhpEngine->evaluatePath('C://Users//Hp 103...', Array)
#3 C:/Users/Hp 1030-G2/Documents/danb-project/Denb-main/vendor/laravel/framework/src/Illuminate/View/Engines/CompilerEngine.php(76): Livewire/Mechanisms/ExtendBlade/ExtendedCompilerEngine->evaluatePath('C://Users//Hp 103...', Array)
#4 C:/Users/Hp 1030-G2/Documents/danb-project/Denb-main/vendor/livewire/livewire/src/Mechanisms/ExtendBlade/ExtendedCompilerEngine.php(10): Illuminate/View/Engines/CompilerEngine->get('C://Users//Hp 103...', Array)
#5 C:/Users/Hp 1030-G2/Documents/danb-project/Denb-main/vendor/laravel/framework/src/Illuminate/View/View.php(208): Livewire/Mechanisms/ExtendBlade/ExtendedCompilerEngine->get('C://Users//Hp 103...', Array)
#6 C:/Users/Hp 1030-G2/Documents/danb-project/Denb-main/vendor/laravel/framework/src/Illuminate/View/View.php(191): Illuminate/View/View->getContents()
#7 C:/Users/Hp 1030-G2/Documents/danb-project/Denb-main/vendor/laravel/framework/src/Illuminate/View/View.php(160): Illuminate/View/View->renderContents()
#8 C:/Users/Hp 1030-G2/Documents/danb-project/Denb-main/vendor/laravel/framework/src/Illuminate/View/Concerns/ManagesComponents.php(103): Illuminate/View/View->render()
#9 C:/Users/Hp 1030-G2/Documents/danb-project/Denb-main/storage/framework/views/ee01088d7dc8cc88c68e389d13a0d5b9.php(17): Illuminate/View/Factory->renderComponent()
#10 C:/Users/Hp 1030-G2/Documents/danb-project/Denb-main/vendor/laravel/framework/src/Illuminate/Filesystem/Filesystem.php(123): require('C://Users//Hp 103...')
#11 C:/Users/Hp 1030-G2/Documents/danb-project/Denb-main/vendor/laravel/framework/src/Illuminate/Filesystem/Filesystem.php(124): Illuminate/Filesystem/Filesystem::Illuminate/Filesystem/{closure}()
#12 C:/Users/Hp 1030-G2/Documents/danb-project/Denb-main/vendor/laravel/framework/src/Illuminate/View/Engines/PhpEngine.php(57): Illuminate/Filesystem/Filesystem->getRequire('C://Users//Hp 103...', Array)
#13 C:/Users/Hp 1030-G2/Documents/danb-project/Denb-main/vendor/livewire/livewire/src/Mechanisms/ExtendBlade/ExtendedCompilerEngine.php(22): Illuminate/View/Engines/PhpEngine->evaluatePath('C://Users//Hp 103...', Array)
#14 C:/Users/Hp 1030-G2/Documents/danb-project/Denb-main/vendor/laravel/framework/src/Illuminate/View/Engines/CompilerEngine.php(76): Livewire/Mechanisms/ExtendBlade/ExtendedCompilerEngine->evaluatePath('C://Users//Hp 103...', Array)
#15 C:/Users/Hp 1030-G2/Documents/danb-project/Denb-main/vendor/livewire/livewire/src/Mechanisms/ExtendBlade/ExtendedCompilerEngine.php(10): Illuminate/View/Engines/CompilerEngine->get('C://Users//Hp 103...', Array)
#16 C:/Users/Hp 1030-G2/Documents/danb-project/Denb-main/vendor/laravel/framework/src/Illuminate/View/View.php(208): Livewire/Mechanisms/ExtendBlade/ExtendedCompilerEngine->get('C://Users//Hp 103...', Array)
#17 C:/Users/Hp 1030-G2/Documents/danb-project/Denb-main/vendor/laravel/framework/src/Illuminate/View/View.php(191): Illuminate/View/View->getContents()
#18 C:/Users/Hp 1030-G2/Documents/danb-project/Denb-main/vendor/laravel/framework/src/Illuminate/View/View.php(160): Illuminate/View/View->renderContents()
#19 C:/Users/Hp 1030-G2/Documents/danb-project/Denb-main/vendor/laravel/framework/src/Illuminate/View/Compilers/BladeCompiler.php(353): Illuminate/View/View->render()
#20 C:/Users/Hp 1030-G2/Documents/danb-project/Denb-main/vendor/laravel/framework/src/Illuminate/Support/Facades/Facade.php(363): Illuminate/View/Compilers/BladeCompiler::render('    <?php $layo...', Array)
#21 C:/Users/Hp 1030-G2/Documents/danb-project/Denb-main/vendor/livewire/livewire/src/Features/SupportPageComponents/SupportPageComponents.php(162): Illuminate/Support/Facades/Facade::__callStatic('render', Array)
#22 C:/Users/Hp 1030-G2/Documents/danb-project/Denb-main/vendor/livewire/livewire/src/Features/SupportPageComponents/HandlesPageComponents.php(26): Livewire/Features/SupportPageComponents/SupportPageComponents::renderContentsIntoLayout('<div wire:snaps...', Object(Livewire/Features/SupportPageComponents/PageComponentConfig))
#23 C:/Users/Hp 1030-G2/Documents/danb-project/Denb-main/vendor/laravel/framework/src/Illuminate/Routing/ControllerDispatcher.php(46): Livewire/Component->__invoke()
#24 C:/Users/Hp 1030-G2/Documents/danb-project/Denb-main/vendor/laravel/framework/src/Illuminate/Routing/Route.php(265): Illuminate/Routing/ControllerDispatcher->dispatch(Object(Illuminate/Routing/Route), Object(Filament/Pages/Dashboard), '__invoke')
#25 C:/Users/Hp 1030-G2/Documents/danb-project/Denb-main/vendor/laravel/framework/src/Illuminate/Routing/Route.php(211): Illuminate/Routing/Route->runController()
#26 C:/Users/Hp 1030-G2/Documents/danb-project/Denb-main/vendor/laravel/framework/src/Illuminate/Routing/Router.php(822): Illuminate/Routing/Route->run()
#27 C:/Users/Hp 1030-G2/Documents/danb-project/Denb-main/vendor/laravel/framework/src/Illuminate/Pipeline/Pipeline.php(180): Illuminate/Routing/Router->Illuminate/Routing/{closure}(Object(Illuminate/Http/Request))
#28 C:/Users/Hp 1030-G2/Documents/danb-project/Denb-main/vendor/filament/filament/src/Http/Middleware/DispatchServingFilamentEvent.php(15): Illuminate/Pipeline/Pipeline->Illuminate/Pipeline/{closure}(Object(Illuminate/Http/Request))
#29 C:/Users/Hp 1030-G2/Documents/danb-project/Denb-main/vendor/laravel/framework/src/Illuminate/Pipeline/Pipeline.php(219): Filament/Http/Middleware/DispatchServingFilamentEvent->handle(Object(Illuminate/Http/Request), Object(Closure))
#30 C:/Users/Hp 1030-G2/Documents/danb-project/Denb-main/vendor/filament/filament/src/Http/Middleware/DisableBladeIconComponents.php(14): Illuminate/Pipeline/Pipeline->Illuminate/Pipeline/{closure}(Object(Illuminate/Http/Request))
#31 C:/Users/Hp 1030-G2/Documents/danb-project/Denb-main/vendor/laravel/framework/src/Illuminate/Pipeline/Pipeline.php(219): Filament/Http/Middleware/DisableBladeIconComponents->handle(Object(Illuminate/Http/Request), Object(Closure))
#32 C:/Users/Hp 1030-G2/Documents/danb-project/Denb-main/vendor/laravel/framework/src/Illuminate/Routing/Middleware/SubstituteBindings.php(50): Illuminate/Pipeline/Pipeline->Illuminate/Pipeline/{closure}(Object(Illuminate/Http/Request))
#33 C:/Users/Hp 1030-G2/Documents/danb-project/Denb-main/vendor/laravel/framework/src/Illuminate/Pipeline/Pipeline.php(219): Illuminate/Routing/Middleware/SubstituteBindings->handle(Object(Illuminate/Http/Request), Object(Closure))
#34 C:/Users/Hp 1030-G2/Documents/danb-project/Denb-main/vendor/laravel/framework/src/Illuminate/Foundation/Http/Middleware/VerifyCsrfToken.php(87): Illuminate/Pipeline/Pipeline->Illuminate/Pipeline/{closure}(Object(Illuminate/Http/Request))
#35 C:/Users/Hp 1030-G2/Documents/danb-project/Denb-main/vendor/laravel/framework/src/Illuminate/Pipeline/Pipeline.php(219): Illuminate/Foundation/Http/Middleware/VerifyCsrfToken->handle(Object(Illuminate/Http/Request), Object(Closure))
#36 C:/Users/Hp 1030-G2/Documents/danb-project/Denb-main/vendor/laravel/framework/src/Illuminate/Session/Middleware/AuthenticateSession.php(70): Illuminate/Pipeline/Pipeline->Illuminate/Pipeline/{closure}(Object(Illuminate/Http/Request))
#37 C:/Users/Hp 1030-G2/Documents/danb-project/Denb-main/vendor/laravel/framework/src/Illuminate/Pipeline/Pipeline.php(219): Illuminate/Session/Middleware/AuthenticateSession->handle(Object(Illuminate/Http/Request), Object(Closure))
#38 C:/Users/Hp 1030-G2/Documents/danb-project/Denb-main/vendor/laravel/framework/src/Illuminate/Auth/Middleware/Authenticate.php(63): Illuminate/Pipeline/Pipeline->Illuminate/Pipeline/{closure}(Object(Illuminate/Http/Request))
#39 C:/Users/Hp 1030-G2/Documents/danb-project/Denb-main/vendor/laravel/framework/src/Illuminate/Pipeline/Pipeline.php(219): Illuminate/Auth/Middleware/Authenticate->handle(Object(Illuminate/Http/Request), Object(Closure))
#40 C:/Users/Hp 1030-G2/Documents/danb-project/Denb-main/vendor/laravel/framework/src/Illuminate/View/Middleware/ShareErrorsFromSession.php(48): Illuminate/Pipeline/Pipeline->Illuminate/Pipeline/{closure}(Object(Illuminate/Http/Request))
#41 C:/Users/Hp 1030-G2/Documents/danb-project/Denb-main/vendor/laravel/framework/src/Illuminate/Pipeline/Pipeline.php(219): Illuminate/View/Middleware/ShareErrorsFromSession->handle(Object(Illuminate/Http/Request), Object(Closure))
#42 C:/Users/Hp 1030-G2/Documents/danb-project/Denb-main/vendor/laravel/framework/src/Illuminate/Session/Middleware/StartSession.php(120): Illuminate/Pipeline/Pipeline->Illuminate/Pipeline/{closure}(Object(Illuminate/Http/Request))
#43 C:/Users/Hp 1030-G2/Documents/danb-project/Denb-main/vendor/laravel/framework/src/Illuminate/Session/Middleware/StartSession.php(63): Illuminate/Session/Middleware/StartSession->handleStatefulRequest(Object(Illuminate/Http/Request), Object(Illuminate/Session/Store), Object(Closure))
#44 C:/Users/Hp 1030-G2/Documents/danb-project/Denb-main/vendor/laravel/framework/src/Illuminate/Pipeline/Pipeline.php(219): Illuminate/Session/Middleware/StartSession->handle(Object(Illuminate/Http/Request), Object(Closure))
#45 C:/Users/Hp 1030-G2/Documents/danb-project/Denb-main/vendor/laravel/framework/src/Illuminate/Cookie/Middleware/AddQueuedCookiesToResponse.php(36): Illuminate/Pipeline/Pipeline->Illuminate/Pipeline/{closure}(Object(Illuminate/Http/Request))
#46 C:/Users/Hp 1030-G2/Documents/danb-project/Denb-main/vendor/laravel/framework/src/Illuminate/Pipeline/Pipeline.php(219): Illuminate/Cookie/Middleware/AddQueuedCookiesToResponse->handle(Object(Illuminate/Http/Request), Object(Closure))
#47 C:/Users/Hp 1030-G2/Documents/danb-project/Denb-main/vendor/laravel/framework/src/Illuminate/Cookie/Middleware/EncryptCookies.php(74): Illuminate/Pipeline/Pipeline->Illuminate/Pipeline/{closure}(Object(Illuminate/Http/Request))
#48 C:/Users/Hp 1030-G2/Documents/danb-project/Denb-main/vendor/laravel/framework/src/Illuminate/Pipeline/Pipeline.php(219): Illuminate/Cookie/Middleware/EncryptCookies->handle(Object(Illuminate/Http/Request), Object(Closure))
#49 C:/Users/Hp 1030-G2/Documents/danb-project/Denb-main/vendor/filament/filament/src/Http/Middleware/SetUpPanel.php(19): Illuminate/Pipeline/Pipeline->Illuminate/Pipeline/{closure}(Object(Illuminate/Http/Request))
#50 C:/Users/Hp 1030-G2/Documents/danb-project/Denb-main/vendor/laravel/framework/src/Illuminate/Pipeline/Pipeline.php(219): Filament/Http/Middleware/SetUpPanel->handle(Object(Illuminate/Http/Request), Object(Closure), Object(Filament/Panel))
#51 C:/Users/Hp 1030-G2/Documents/danb-project/Denb-main/vendor/laravel/framework/src/Illuminate/Pipeline/Pipeline.php(137): Illuminate/Pipeline/Pipeline->Illuminate/Pipeline/{closure}(Object(Illuminate/Http/Request))
#52 C:/Users/Hp 1030-G2/Documents/danb-project/Denb-main/vendor/laravel/framework/src/Illuminate/Routing/Router.php(821): Illuminate/Pipeline/Pipeline->then(Object(Closure))
#53 C:/Users/Hp 1030-G2/Documents/danb-project/Denb-main/vendor/laravel/framework/src/Illuminate/Routing/Router.php(800): Illuminate/Routing/Router->runRouteWithinStack(Object(Illuminate/Routing/Route), Object(Illuminate/Http/Request))
#54 C:/Users/Hp 1030-G2/Documents/danb-project/Denb-main/vendor/laravel/framework/src/Illuminate/Routing/Router.php(764): Illuminate/Routing/Router->runRoute(Object(Illuminate/Http/Request), Object(Illuminate/Routing/Route))
#55 C:/Users/Hp 1030-G2/Documents/danb-project/Denb-main/vendor/laravel/framework/src/Illuminate/Routing/Router.php(753): Illuminate/Routing/Router->dispatchToRoute(Object(Illuminate/Http/Request))
#56 C:/Users/Hp 1030-G2/Documents/danb-project/Denb-main/vendor/laravel/framework/src/Illuminate/Foundation/Http/Kernel.php(200): Illuminate/Routing/Router->dispatch(Object(Illuminate/Http/Request))
#57 C:/Users/Hp 1030-G2/Documents/danb-project/Denb-main/vendor/laravel/framework/src/Illuminate/Pipeline/Pipeline.php(180): Illuminate/Foundation/Http/Kernel->Illuminate/Foundation/Http/{closure}(Object(Illuminate/Http/Request))
#58 C:/Users/Hp 1030-G2/Documents/danb-project/Denb-main/vendor/livewire/livewire/src/Features/SupportDisablingBackButtonCache/DisableBackButtonCacheMiddleware.php(19): Illuminate/Pipeline/Pipeline->Illuminate/Pipeline/{closure}(Object(Illuminate/Http/Request))
#59 C:/Users/Hp 1030-G2/Documents/danb-project/Denb-main/vendor/laravel/framework/src/Illuminate/Pipeline/Pipeline.php(219): Livewire/Features/SupportDisablingBackButtonCache/DisableBackButtonCacheMiddleware->handle(Object(Illuminate/Http/Request), Object(Closure))
#60 C:/Users/Hp 1030-G2/Documents/danb-project/Denb-main/vendor/laravel/framework/src/Illuminate/Foundation/Http/Middleware/TransformsRequest.php(21): Illuminate/Pipeline/Pipeline->Illuminate/Pipeline/{closure}(Object(Illuminate/Http/Request))
#61 C:/Users/Hp 1030-G2/Documents/danb-project/Denb-main/vendor/laravel/framework/src/Illuminate/Foundation/Http/Middleware/ConvertEmptyStringsToNull.php(31): Illuminate/Foundation/Http/Middleware/TransformsRequest->handle(Object(Illuminate/Http/Request), Object(Closure))
#62 C:/Users/Hp 1030-G2/Documents/danb-project/Denb-main/vendor/laravel/framework/src/Illuminate/Pipeline/Pipeline.php(219): Illuminate/Foundation/Http/Middleware/ConvertEmptyStringsToNull->handle(Object(Illuminate/Http/Request), Object(Closure))
#63 C:/Users/Hp 1030-G2/Documents/danb-project/Denb-main/vendor/laravel/framework/src/Illuminate/Foundation/Http/Middleware/TransformsRequest.php(21): Illuminate/Pipeline/Pipeline->Illuminate/Pipeline/{closure}(Object(Illuminate/Http/Request))
#64 C:/Users/Hp 1030-G2/Documents/danb-project/Denb-main/vendor/laravel/framework/src/Illuminate/Foundation/Http/Middleware/TrimStrings.php(51): Illuminate/Foundation/Http/Middleware/TransformsRequest->handle(Object(Illuminate/Http/Request), Object(Closure))
#65 C:/Users/Hp 1030-G2/Documents/danb-project/Denb-main/vendor/laravel/framework/src/Illuminate/Pipeline/Pipeline.php(219): Illuminate/Foundation/Http/Middleware/TrimStrings->handle(Object(Illuminate/Http/Request), Object(Closure))
#66 C:/Users/Hp 1030-G2/Documents/danb-project/Denb-main/vendor/laravel/framework/src/Illuminate/Http/Middleware/ValidatePostSize.php(27): Illuminate/Pipeline/Pipeline->Illuminate/Pipeline/{closure}(Object(Illuminate/Http/Request))
#67 C:/Users/Hp 1030-G2/Documents/danb-project/Denb-main/vendor/laravel/framework/src/Illuminate/Pipeline/Pipeline.php(219): Illuminate/Http/Middleware/ValidatePostSize->handle(Object(Illuminate/Http/Request), Object(Closure))
#68 C:/Users/Hp 1030-G2/Documents/danb-project/Denb-main/vendor/laravel/framework/src/Illuminate/Foundation/Http/Middleware/PreventRequestsDuringMaintenance.php(109): Illuminate/Pipeline/Pipeline->Illuminate/Pipeline/{closure}(Object(Illuminate/Http/Request))
#69 C:/Users/Hp 1030-G2/Documents/danb-project/Denb-main/vendor/laravel/framework/src/Illuminate/Pipeline/Pipeline.php(219): Illuminate/Foundation/Http/Middleware/PreventRequestsDuringMaintenance->handle(Object(Illuminate/Http/Request), Object(Closure))
#70 C:/Users/Hp 1030-G2/Documents/danb-project/Denb-main/vendor/laravel/framework/src/Illuminate/Http/Middleware/HandleCors.php(61): Illuminate/Pipeline/Pipeline->Illuminate/Pipeline/{closure}(Object(Illuminate/Http/Request))
#71 C:/Users/Hp 1030-G2/Documents/danb-project/Denb-main/vendor/laravel/framework/src/Illuminate/Pipeline/Pipeline.php(219): Illuminate/Http/Middleware/HandleCors->handle(Object(Illuminate/Http/Request), Object(Closure))
#72 C:/Users/Hp 1030-G2/Documents/danb-project/Denb-main/vendor/laravel/framework/src/Illuminate/Http/Middleware/TrustProxies.php(58): Illuminate/Pipeline/Pipeline->Illuminate/Pipeline/{closure}(Object(Illuminate/Http/Request))
#73 C:/Users/Hp 1030-G2/Documents/danb-project/Denb-main/vendor/laravel/framework/src/Illuminate/Pipeline/Pipeline.php(219): Illuminate/Http/Middleware/TrustProxies->handle(Object(Illuminate/Http/Request), Object(Closure))
#74 C:/Users/Hp 1030-G2/Documents/danb-project/Denb-main/vendor/laravel/framework/src/Illuminate/Foundation/Http/Middleware/InvokeDeferredCallbacks.php(22): Illuminate/Pipeline/Pipeline->Illuminate/Pipeline/{closure}(Object(Illuminate/Http/Request))
#75 C:/Users/Hp 1030-G2/Documents/danb-project/Denb-main/vendor/laravel/framework/src/Illuminate/Pipeline/Pipeline.php(219): Illuminate/Foundation/Http/Middleware/InvokeDeferredCallbacks->handle(Object(Illuminate/Http/Request), Object(Closure))
#76 C:/Users/Hp 1030-G2/Documents/danb-project/Denb-main/vendor/laravel/framework/src/Illuminate/Http/Middleware/ValidatePathEncoding.php(26): Illuminate/Pipeline/Pipeline->Illuminate/Pipeline/{closure}(Object(Illuminate/Http/Request))
#77 C:/Users/Hp 1030-G2/Documents/danb-project/Denb-main/vendor/laravel/framework/src/Illuminate/Pipeline/Pipeline.php(219): Illuminate/Http/Middleware/ValidatePathEncoding->handle(Object(Illuminate/Http/Request), Object(Closure))
#78 C:/Users/Hp 1030-G2/Documents/danb-project/Denb-main/vendor/laravel/framework/src/Illuminate/Pipeline/Pipeline.php(137): Illuminate/Pipeline/Pipeline->Illuminate/Pipeline/{closure}(Object(Illuminate/Http/Request))
#79 C:/Users/Hp 1030-G2/Documents/danb-project/Denb-main/vendor/laravel/framework/src/Illuminate/Foundation/Http/Kernel.php(175): Illuminate/Pipeline/Pipeline->then(Object(Closure))
#80 C:/Users/Hp 1030-G2/Documents/danb-project/Denb-main/vendor/laravel/framework/src/Illuminate/Foundation/Http/Kernel.php(144): Illuminate/Foundation/Http/Kernel->sendRequestThroughRouter(Object(Illuminate/Http/Request))
#81 C:/Users/Hp 1030-G2/Documents/danb-project/Denb-main/vendor/laravel/framework/src/Illuminate/Foundation/Application.php(1220): Illuminate/Foundation/Http/Kernel->handle(Object(Illuminate/Http/Request))
#82 C:/Users/Hp 1030-G2/Documents/danb-project/Denb-main/public/index.php(20): Illuminate/Foundation/Application->handleRequest(Object(Illuminate/Http/Request))
#83 C:/Users/Hp 1030-G2/Documents/danb-project/Denb-main/vendor/laravel/framework/src/Illuminate/Foundation/resources/server.php(23): require_once('C://Users//Hp 103...')
#84 {main}

[previous exception] [object] (Illuminate\\View\\ViewException(code: 0): Class \"App\\Support\\Filament\\PanelAccess\" not found (View: C:\\Users\\Hp 1030-G2\\Documents\\danb-project\\Denb-main\\vendor\\filament\\filament\\resources\\views\\livewire\\sidebar.blade.php) at C:/Users/Hp 1030-G2/Documents/danb-project/Denb-main/app/Filament/Pages/EmployeeReports.php:43)
[stacktrace]
#0 C:/Users/Hp 1030-G2/Documents/danb-project/Denb-main/vendor/livewire/livewire/src/Mechanisms/ExtendBlade/ExtendedCompilerEngine.php(58): Illuminate/View/Engines/CompilerEngine->handleViewException(Object(Error), 4)
#1 C:/Users/Hp 1030-G2/Documents/danb-project/Denb-main/vendor/livewire/livewire/src/Mechanisms/ExtendBlade/ExtendedCompilerEngine.php(40): Livewire/Mechanisms/ExtendBlade/ExtendedCompilerEngine->handleViewException(Object(Error), 4)
#2 C:/Users/Hp 1030-G2/Documents/danb-project/Denb-main/vendor/laravel/framework/src/Illuminate/View/Engines/CompilerEngine.php(76): Livewire/Mechanisms/ExtendBlade/ExtendedCompilerEngine->evaluatePath('C://Users//Hp 103...', Array)
#3 C:/Users/Hp 1030-G2/Documents/danb-project/Denb-main/vendor/livewire/livewire/src/Mechanisms/ExtendBlade/ExtendedCompilerEngine.php(16): Illuminate/View/Engines/CompilerEngine->get('C://Users//Hp 103...', Array)
#4 C:/Users/Hp 1030-G2/Documents/danb-project/Denb-main/vendor/laravel/framework/src/Illuminate/View/View.php(208): Livewire/Mechanisms/ExtendBlade/ExtendedCompilerEngine->get('C://Users//Hp 103...', Array)
#5 C:/Users/Hp 1030-G2/Documents/danb-project/Denb-main/vendor/laravel/framework/src/Illuminate/View/View.php(191): Illuminate/View/View->getContents()
#6 C:/Users/Hp 1030-G2/Documents/danb-project/Denb-main/vendor/laravel/framework/src/Illuminate/View/View.php(160): Illuminate/View/View->renderContents()
#7 C:/Users/Hp 1030-G2/Documents/danb-project/Denb-main/vendor/livewire/livewire/src/Mechanisms/HandleComponents/HandleComponents.php(410): Illuminate/View/View->render(Object(Closure))
#8 C:/Users/Hp 1030-G2/Documents/danb-project/Denb-main/vendor/livewire/livewire/src/Mechanisms/HandleComponents/HandleComponents.php(461): Livewire/Mechanisms/HandleComponents/HandleComponents->Livewire/Mechanisms/HandleComponents/{closure}()
#9 C:/Users/Hp 1030-G2/Documents/danb-project/Denb-main/vendor/livewire/livewire/src/Mechanisms/HandleComponents/HandleComponents.php(402): Livewire/Mechanisms/HandleComponents/HandleComponents->trackInRenderStack(Object(Filament/Livewire/Sidebar), Object(Closure))
#10 C:/Users/Hp 1030-G2/Documents/danb-project/Denb-main/vendor/livewire/livewire/src/Mechanisms/HandleComponents/HandleComponents.php(81): Livewire/Mechanisms/HandleComponents/HandleComponents->render(Object(Filament/Livewire/Sidebar), '<div></div>')
#11 C:/Users/Hp 1030-G2/Documents/danb-project/Denb-main/vendor/livewire/livewire/src/LivewireManager.php(102): Livewire/Mechanisms/HandleComponents/HandleComponents->mount('Filament//Livewi...', Array, 'lw-3234349364-1...', Array)
#12 C:/Users/Hp 1030-G2/Documents/danb-project/Denb-main/storage/framework/views/5d985b17f252fa390e67905a5f2e136c.php(139): Livewire/LivewireManager->mount('Filament//Livewi...', Array, 'lw-3234349364-1...', Array)
#13 C:/Users/Hp 1030-G2/Documents/danb-project/Denb-main/vendor/laravel/framework/src/Illuminate/Filesystem/Filesystem.php(123): require('C://Users//Hp 103...')
#14 C:/Users/Hp 1030-G2/Documents/danb-project/Denb-main/vendor/laravel/framework/src/Illuminate/Filesystem/Filesystem.php(124): Illuminate/Filesystem/Filesystem::Illuminate/Filesystem/{closure}()
#15 C:/Users/Hp 1030-G2/Documents/danb-project/Denb-main/vendor/laravel/framework/src/Illuminate/View/Engines/PhpEngine.php(57): Illuminate/Filesystem/Filesystem->getRequire('C://Users//Hp 103...', Array)
#16 C:/Users/Hp 1030-G2/Documents/danb-project/Denb-main/vendor/livewire/livewire/src/Mechanisms/ExtendBlade/ExtendedCompilerEngine.php(22): Illuminate/View/Engines/PhpEngine->evaluatePath('C://Users//Hp 103...', Array)
#17 C:/Users/Hp 1030-G2/Documents/danb-project/Denb-main/vendor/laravel/framework/src/Illuminate/View/Engines/CompilerEngine.php(76): Livewire/Mechanisms/ExtendBlade/ExtendedCompilerEngine->evaluatePath('C://Users//Hp 103...', Array)
#18 C:/Users/Hp 1030-G2/Documents/danb-project/Denb-main/vendor/livewire/livewire/src/Mechanisms/ExtendBlade/ExtendedCompilerEngine.php(10): Illuminate/View/Engines/CompilerEngine->get('C://Users//Hp 103...', Array)
#19 C:/Users/Hp 1030-G2/Documents/danb-project/Denb-main/vendor/laravel/framework/src/Illuminate/View/View.php(208): Livewire/Mechanisms/ExtendBlade/ExtendedCompilerEngine->get('C://Users//Hp 103...', Array)
#20 C:/Users/Hp 1030-G2/Documents/danb-project/Denb-main/vendor/laravel/framework/src/Illuminate/View/View.php(191): Illuminate/View/View->getContents()
#21 C:/Users/Hp 1030-G2/Documents/danb-project/Denb-main/vendor/laravel/framework/src/Illuminate/View/View.php(160): Illuminate/View/View->renderContents()
#22 C:/Users/Hp 1030-G2/Documents/danb-project/Denb-main/vendor/laravel/framework/src/Illuminate/View/Concerns/ManagesComponents.php(103): Illuminate/View/View->render()
#23 C:/Users/Hp 1030-G2/Documents/danb-project/Denb-main/storage/framework/views/ee01088d7dc8cc88c68e389d13a0d5b9.php(17): Illuminate/View/Factory->renderComponent()
#24 C:/Users/Hp 1030-G2/Documents/danb-project/Denb-main/vendor/laravel/framework/src/Illuminate/Filesystem/Filesystem.php(123): require('C://Users//Hp 103...')
#25 C:/Users/Hp 1030-G2/Documents/danb-project/Denb-main/vendor/laravel/framework/src/Illuminate/Filesystem/Filesystem.php(124): Illuminate/Filesystem/Filesystem::Illuminate/Filesystem/{closure}()
#26 C:/Users/Hp 1030-G2/Documents/danb-project/Denb-main/vendor/laravel/framework/src/Illuminate/View/Engines/PhpEngine.php(57): Illuminate/Filesystem/Filesystem->getRequire('C://Users//Hp 103...', Array)
#27 C:/Users/Hp 1030-G2/Documents/danb-project/Denb-main/vendor/livewire/livewire/src/Mechanisms/ExtendBlade/ExtendedCompilerEngine.php(22): Illuminate/View/Engines/PhpEngine->evaluatePath('C://Users//Hp 103...', Array)
#28 C:/Users/Hp 1030-G2/Documents/danb-project/Denb-main/vendor/laravel/framework/src/Illuminate/View/Engines/CompilerEngine.php(76): Livewire/Mechanisms/ExtendBlade/ExtendedCompilerEngine->evaluatePath('C://Users//Hp 103...', Array)
#29 C:/Users/Hp 1030-G2/Documents/danb-project/Denb-main/vendor/livewire/livewire/src/Mechanisms/ExtendBlade/ExtendedCompilerEngine.php(10): Illuminate/View/Engines/CompilerEngine->get('C://Users//Hp 103...', Array)
#30 C:/Users/Hp 1030-G2/Documents/danb-project/Denb-main/vendor/laravel/framework/src/Illuminate/View/View.php(208): Livewire/Mechanisms/ExtendBlade/ExtendedCompilerEngine->get('C://Users//Hp 103...', Array)
#31 C:/Users/Hp 1030-G2/Documents/danb-project/Denb-main/vendor/laravel/framework/src/Illuminate/View/View.php(191): Illuminate/View/View->getContents()
#32 C:/Users/Hp 1030-G2/Documents/danb-project/Denb-main/vendor/laravel/framework/src/Illuminate/View/View.php(160): Illuminate/View/View->renderContents()
#33 C:/Users/Hp 1030-G2/Documents/danb-project/Denb-main/vendor/laravel/framework/src/Illuminate/View/Compilers/BladeCompiler.php(353): Illuminate/View/View->render()
#34 C:/Users/Hp 1030-G2/Documents/danb-project/Denb-main/vendor/laravel/framework/src/Illuminate/Support/Facades/Facade.php(363): Illuminate/View/Compilers/BladeCompiler::render('    <?php $layo...', Array)
#35 C:/Users/Hp 1030-G2/Documents/danb-project/Denb-main/vendor/livewire/livewire/src/Features/SupportPageComponents/SupportPageComponents.php(162): Illuminate/Support/Facades/Facade::__callStatic('render', Array)
#36 C:/Users/Hp 1030-G2/Documents/danb-project/Denb-main/vendor/livewire/livewire/src/Features/SupportPageComponents/HandlesPageComponents.php(26): Livewire/Features/SupportPageComponents/SupportPageComponents::renderContentsIntoLayout('<div wire:snaps...', Object(Livewire/Features/SupportPageComponents/PageComponentConfig))
#37 C:/Users/Hp 1030-G2/Documents/danb-project/Denb-main/vendor/laravel/framework/src/Illuminate/Routing/ControllerDispatcher.php(46): Livewire/Component->__invoke()
#38 C:/Users/Hp 1030-G2/Documents/danb-project/Denb-main/vendor/laravel/framework/src/Illuminate/Routing/Route.php(265): Illuminate/Routing/ControllerDispatcher->dispatch(Object(Illuminate/Routing/Route), Object(Filament/Pages/Dashboard), '__invoke')
#39 C:/Users/Hp 1030-G2/Documents/danb-project/Denb-main/vendor/laravel/framework/src/Illuminate/Routing/Route.php(211): Illuminate/Routing/Route->runController()
#40 C:/Users/Hp 1030-G2/Documents/danb-project/Denb-main/vendor/laravel/framework/src/Illuminate/Routing/Router.php(822): Illuminate/Routing/Route->run()
#41 C:/Users/Hp 1030-G2/Documents/danb-project/Denb-main/vendor/laravel/framework/src/Illuminate/Pipeline/Pipeline.php(180): Illuminate/Routing/Router->Illuminate/Routing/{closure}(Object(Illuminate/Http/Request))
#42 C:/Users/Hp 1030-G2/Documents/danb-project/Denb-main/vendor/filament/filament/src/Http/Middleware/DispatchServingFilamentEvent.php(15): Illuminate/Pipeline/Pipeline->Illuminate/Pipeline/{closure}(Object(Illuminate/Http/Request))
#43 C:/Users/Hp 1030-G2/Documents/danb-project/Denb-main/vendor/laravel/framework/src/Illuminate/Pipeline/Pipeline.php(219): Filament/Http/Middleware/DispatchServingFilamentEvent->handle(Object(Illuminate/Http/Request), Object(Closure))
#44 C:/Users/Hp 1030-G2/Documents/danb-project/Denb-main/vendor/filament/filament/src/Http/Middleware/DisableBladeIconComponents.php(14): Illuminate/Pipeline/Pipeline->Illuminate/Pipeline/{closure}(Object(Illuminate/Http/Request))
#45 C:/Users/Hp 1030-G2/Documents/danb-project/Denb-main/vendor/laravel/framework/src/Illuminate/Pipeline/Pipeline.php(219): Filament/Http/Middleware/DisableBladeIconComponents->handle(Object(Illuminate/Http/Request), Object(Closure))
#46 C:/Users/Hp 1030-G2/Documents/danb-project/Denb-main/vendor/laravel/framework/src/Illuminate/Routing/Middleware/SubstituteBindings.php(50): Illuminate/Pipeline/Pipeline->Illuminate/Pipeline/{closure}(Object(Illuminate/Http/Request))
#47 C:/Users/Hp 1030-G2/Documents/danb-project/Denb-main/vendor/laravel/framework/src/Illuminate/Pipeline/Pipeline.php(219): Illuminate/Routing/Middleware/SubstituteBindings->handle(Object(Illuminate/Http/Request), Object(Closure))
#48 C:/Users/Hp 1030-G2/Documents/danb-project/Denb-main/vendor/laravel/framework/src/Illuminate/Foundation/Http/Middleware/VerifyCsrfToken.php(87): Illuminate/Pipeline/Pipeline->Illuminate/Pipeline/{closure}(Object(Illuminate/Http/Request))
#49 C:/Users/Hp 1030-G2/Documents/danb-project/Denb-main/vendor/laravel/framework/src/Illuminate/Pipeline/Pipeline.php(219): Illuminate/Foundation/Http/Middleware/VerifyCsrfToken->handle(Object(Illuminate/Http/Request), Object(Closure))
#50 C:/Users/Hp 1030-G2/Documents/danb-project/Denb-main/vendor/laravel/framework/src/Illuminate/Session/Middleware/AuthenticateSession.php(70): Illuminate/Pipeline/Pipeline->Illuminate/Pipeline/{closure}(Object(Illuminate/Http/Request))
#51 C:/Users/Hp 1030-G2/Documents/danb-project/Denb-main/vendor/laravel/framework/src/Illuminate/Pipeline/Pipeline.php(219): Illuminate/Session/Middleware/AuthenticateSession->handle(Object(Illuminate/Http/Request), Object(Closure))
#52 C:/Users/Hp 1030-G2/Documents/danb-project/Denb-main/vendor/laravel/framework/src/Illuminate/Auth/Middleware/Authenticate.php(63): Illuminate/Pipeline/Pipeline->Illuminate/Pipeline/{closure}(Object(Illuminate/Http/Request))
#53 C:/Users/Hp 1030-G2/Documents/danb-project/Denb-main/vendor/laravel/framework/src/Illuminate/Pipeline/Pipeline.php(219): Illuminate/Auth/Middleware/Authenticate->handle(Object(Illuminate/Http/Request), Object(Closure))
#54 C:/Users/Hp 1030-G2/Documents/danb-project/Denb-main/vendor/laravel/framework/src/Illuminate/View/Middleware/ShareErrorsFromSession.php(48): Illuminate/Pipeline/Pipeline->Illuminate/Pipeline/{closure}(Object(Illuminate/Http/Request))
#55 C:/Users/Hp 1030-G2/Documents/danb-project/Denb-main/vendor/laravel/framework/src/Illuminate/Pipeline/Pipeline.php(219): Illuminate/View/Middleware/ShareErrorsFromSession->handle(Object(Illuminate/Http/Request), Object(Closure))
#56 C:/Users/Hp 1030-G2/Documents/danb-project/Denb-main/vendor/laravel/framework/src/Illuminate/Session/Middleware/StartSession.php(120): Illuminate/Pipeline/Pipeline->Illuminate/Pipeline/{closure}(Object(Illuminate/Http/Request))
#57 C:/Users/Hp 1030-G2/Documents/danb-project/Denb-main/vendor/laravel/framework/src/Illuminate/Session/Middleware/StartSession.php(63): Illuminate/Session/Middleware/StartSession->handleStatefulRequest(Object(Illuminate/Http/Request), Object(Illuminate/Session/Store), Object(Closure))
#58 C:/Users/Hp 1030-G2/Documents/danb-project/Denb-main/vendor/laravel/framework/src/Illuminate/Pipeline/Pipeline.php(219): Illuminate/Session/Middleware/StartSession->handle(Object(Illuminate/Http/Request), Object(Closure))
#59 C:/Users/Hp 1030-G2/Documents/danb-project/Denb-main/vendor/laravel/framework/src/Illuminate/Cookie/Middleware/AddQueuedCookiesToResponse.php(36): Illuminate/Pipeline/Pipeline->Illuminate/Pipeline/{closure}(Object(Illuminate/Http/Request))
#60 C:/Users/Hp 1030-G2/Documents/danb-project/Denb-main/vendor/laravel/framework/src/Illuminate/Pipeline/Pipeline.php(219): Illuminate/Cookie/Middleware/AddQueuedCookiesToResponse->handle(Object(Illuminate/Http/Request), Object(Closure))
#61 C:/Users/Hp 1030-G2/Documents/danb-project/Denb-main/vendor/laravel/framework/src/Illuminate/Cookie/Middleware/EncryptCookies.php(74): Illuminate/Pipeline/Pipeline->Illuminate/Pipeline/{closure}(Object(Illuminate/Http/Request))
#62 C:/Users/Hp 1030-G2/Documents/danb-project/Denb-main/vendor/laravel/framework/src/Illuminate/Pipeline/Pipeline.php(219): Illuminate/Cookie/Middleware/EncryptCookies->handle(Object(Illuminate/Http/Request), Object(Closure))
#63 C:/Users/Hp 1030-G2/Documents/danb-project/Denb-main/vendor/filament/filament/src/Http/Middleware/SetUpPanel.php(19): Illuminate/Pipeline/Pipeline->Illuminate/Pipeline/{closure}(Object(Illuminate/Http/Request))
#64 C:/Users/Hp 1030-G2/Documents/danb-project/Denb-main/vendor/laravel/framework/src/Illuminate/Pipeline/Pipeline.php(219): Filament/Http/Middleware/SetUpPanel->handle(Object(Illuminate/Http/Request), Object(Closure), Object(Filament/Panel))
#65 C:/Users/Hp 1030-G2/Documents/danb-project/Denb-main/vendor/laravel/framework/src/Illuminate/Pipeline/Pipeline.php(137): Illuminate/Pipeline/Pipeline->Illuminate/Pipeline/{closure}(Object(Illuminate/Http/Request))
#66 C:/Users/Hp 1030-G2/Documents/danb-project/Denb-main/vendor/laravel/framework/src/Illuminate/Routing/Router.php(821): Illuminate/Pipeline/Pipeline->then(Object(Closure))
#67 C:/Users/Hp 1030-G2/Documents/danb-project/Denb-main/vendor/laravel/framework/src/Illuminate/Routing/Router.php(800): Illuminate/Routing/Router->runRouteWithinStack(Object(Illuminate/Routing/Route), Object(Illuminate/Http/Request))
#68 C:/Users/Hp 1030-G2/Documents/danb-project/Denb-main/vendor/laravel/framework/src/Illuminate/Routing/Router.php(764): Illuminate/Routing/Router->runRoute(Object(Illuminate/Http/Request), Object(Illuminate/Routing/Route))
#69 C:/Users/Hp 1030-G2/Documents/danb-project/Denb-main/vendor/laravel/framework/src/Illuminate/Routing/Router.php(753): Illuminate/Routing/Router->dispatchToRoute(Object(Illuminate/Http/Request))
#70 C:/Users/Hp 1030-G2/Documents/danb-project/Denb-main/vendor/laravel/framework/src/Illuminate/Foundation/Http/Kernel.php(200): Illuminate/Routing/Router->dispatch(Object(Illuminate/Http/Request))
#71 C:/Users/Hp 1030-G2/Documents/danb-project/Denb-main/vendor/laravel/framework/src/Illuminate/Pipeline/Pipeline.php(180): Illuminate/Foundation/Http/Kernel->Illuminate/Foundation/Http/{closure}(Object(Illuminate/Http/Request))
#72 C:/Users/Hp 1030-G2/Documents/danb-project/Denb-main/vendor/livewire/livewire/src/Features/SupportDisablingBackButtonCache/DisableBackButtonCacheMiddleware.php(19): Illuminate/Pipeline/Pipeline->Illuminate/Pipeline/{closure}(Object(Illuminate/Http/Request))
#73 C:/Users/Hp 1030-G2/Documents/danb-project/Denb-main/vendor/laravel/framework/src/Illuminate/Pipeline/Pipeline.php(219): Livewire/Features/SupportDisablingBackButtonCache/DisableBackButtonCacheMiddleware->handle(Object(Illuminate/Http/Request), Object(Closure))
#74 C:/Users/Hp 1030-G2/Documents/danb-project/Denb-main/vendor/laravel/framework/src/Illuminate/Foundation/Http/Middleware/TransformsRequest.php(21): Illuminate/Pipeline/Pipeline->Illuminate/Pipeline/{closure}(Object(Illuminate/Http/Request))
#75 C:/Users/Hp 1030-G2/Documents/danb-project/Denb-main/vendor/laravel/framework/src/Illuminate/Foundation/Http/Middleware/ConvertEmptyStringsToNull.php(31): Illuminate/Foundation/Http/Middleware/TransformsRequest->handle(Object(Illuminate/Http/Request), Object(Closure))
#76 C:/Users/Hp 1030-G2/Documents/danb-project/Denb-main/vendor/laravel/framework/src/Illuminate/Pipeline/Pipeline.php(219): Illuminate/Foundation/Http/Middleware/ConvertEmptyStringsToNull->handle(Object(Illuminate/Http/Request), Object(Closure))
#77 C:/Users/Hp 1030-G2/Documents/danb-project/Denb-main/vendor/laravel/framework/src/Illuminate/Foundation/Http/Middleware/TransformsRequest.php(21): Illuminate/Pipeline/Pipeline->Illuminate/Pipeline/{closure}(Object(Illuminate/Http/Request))
#78 C:/Users/Hp 1030-G2/Documents/danb-project/Denb-main/vendor/laravel/framework/src/Illuminate/Foundation/Http/Middleware/TrimStrings.php(51): Illuminate/Foundation/Http/Middleware/TransformsRequest->handle(Object(Illuminate/Http/Request), Object(Closure))
#79 C:/Users/Hp 1030-G2/Documents/danb-project/Denb-main/vendor/laravel/framework/src/Illuminate/Pipeline/Pipeline.php(219): Illuminate/Foundation/Http/Middleware/TrimStrings->handle(Object(Illuminate/Http/Request), Object(Closure))
#80 C:/Users/Hp 1030-G2/Documents/danb-project/Denb-main/vendor/laravel/framework/src/Illuminate/Http/Middleware/ValidatePostSize.php(27): Illuminate/Pipeline/Pipeline->Illuminate/Pipeline/{closure}(Object(Illuminate/Http/Request))
#81 C:/Users/Hp 1030-G2/Documents/danb-project/Denb-main/vendor/laravel/framework/src/Illuminate/Pipeline/Pipeline.php(219): Illuminate/Http/Middleware/ValidatePostSize->handle(Object(Illuminate/Http/Request), Object(Closure))
#82 C:/Users/Hp 1030-G2/Documents/danb-project/Denb-main/vendor/laravel/framework/src/Illuminate/Foundation/Http/Middleware/PreventRequestsDuringMaintenance.php(109): Illuminate/Pipeline/Pipeline->Illuminate/Pipeline/{closure}(Object(Illuminate/Http/Request))
#83 C:/Users/Hp 1030-G2/Documents/danb-project/Denb-main/vendor/laravel/framework/src/Illuminate/Pipeline/Pipeline.php(219): Illuminate/Foundation/Http/Middleware/PreventRequestsDuringMaintenance->handle(Object(Illuminate/Http/Request), Object(Closure))
#84 C:/Users/Hp 1030-G2/Documents/danb-project/Denb-main/vendor/laravel/framework/src/Illuminate/Http/Middleware/HandleCors.php(61): Illuminate/Pipeline/Pipeline->Illuminate/Pipeline/{closure}(Object(Illuminate/Http/Request))
#85 C:/Users/Hp 1030-G2/Documents/danb-project/Denb-main/vendor/laravel/framework/src/Illuminate/Pipeline/Pipeline.php(219): Illuminate/Http/Middleware/HandleCors->handle(Object(Illuminate/Http/Request), Object(Closure))
#86 C:/Users/Hp 1030-G2/Documents/danb-project/Denb-main/vendor/laravel/framework/src/Illuminate/Http/Middleware/TrustProxies.php(58): Illuminate/Pipeline/Pipeline->Illuminate/Pipeline/{closure}(Object(Illuminate/Http/Request))
#87 C:/Users/Hp 1030-G2/Documents/danb-project/Denb-main/vendor/laravel/framework/src/Illuminate/Pipeline/Pipeline.php(219): Illuminate/Http/Middleware/TrustProxies->handle(Object(Illuminate/Http/Request), Object(Closure))
#88 C:/Users/Hp 1030-G2/Documents/danb-project/Denb-main/vendor/laravel/framework/src/Illuminate/Foundation/Http/Middleware/InvokeDeferredCallbacks.php(22): Illuminate/Pipeline/Pipeline->Illuminate/Pipeline/{closure}(Object(Illuminate/Http/Request))
#89 C:/Users/Hp 1030-G2/Documents/danb-project/Denb-main/vendor/laravel/framework/src/Illuminate/Pipeline/Pipeline.php(219): Illuminate/Foundation/Http/Middleware/InvokeDeferredCallbacks->handle(Object(Illuminate/Http/Request), Object(Closure))
#90 C:/Users/Hp 1030-G2/Documents/danb-project/Denb-main/vendor/laravel/framework/src/Illuminate/Http/Middleware/ValidatePathEncoding.php(26): Illuminate/Pipeline/Pipeline->Illuminate/Pipeline/{closure}(Object(Illuminate/Http/Request))
#91 C:/Users/Hp 1030-G2/Documents/danb-project/Denb-main/vendor/laravel/framework/src/Illuminate/Pipeline/Pipeline.php(219): Illuminate/Http/Middleware/ValidatePathEncoding->handle(Object(Illuminate/Http/Request), Object(Closure))
#92 C:/Users/Hp 1030-G2/Documents/danb-project/Denb-main/vendor/laravel/framework/src/Illuminate/Pipeline/Pipeline.php(137): Illuminate/Pipeline/Pipeline->Illuminate/Pipeline/{closure}(Object(Illuminate/Http/Request))
#93 C:/Users/Hp 1030-G2/Documents/danb-project/Denb-main/vendor/laravel/framework/src/Illuminate/Foundation/Http/Kernel.php(175): Illuminate/Pipeline/Pipeline->then(Object(Closure))
#94 C:/Users/Hp 1030-G2/Documents/danb-project/Denb-main/vendor/laravel/framework/src/Illuminate/Foundation/Http/Kernel.php(144): Illuminate/Foundation/Http/Kernel->sendRequestThroughRouter(Object(Illuminate/Http/Request))
#95 C:/Users/Hp 1030-G2/Documents/danb-project/Denb-main/vendor/laravel/framework/src/Illuminate/Foundation/Application.php(1220): Illuminate/Foundation/Http/Kernel->handle(Object(Illuminate/Http/Request))
#96 C:/Users/Hp 1030-G2/Documents/danb-project/Denb-main/public/index.php(20): Illuminate/Foundation/Application->handleRequest(Object(Illuminate/Http/Request))
#97 C:/Users/Hp 1030-G2/Documents/danb-project/Denb-main/vendor/laravel/framework/src/Illuminate/Foundation/resources/server.php(23): require_once('C://Users//Hp 103...')
#98 {main}

[previous exception] [object] (Error(code: 0): Class \"App\\Support\\Filament\\PanelAccess\" not found at C:/Users/Hp 1030-G2/Documents/danb-project/Denb-main/app/Filament/Pages/EmployeeReports.php:43)
[stacktrace]
#0 C:/Users/Hp 1030-G2/Documents/danb-project/Denb-main/app/Filament/Pages/EmployeeReports.php(48): App/Filament/Pages/EmployeeReports::canAccess()
#1 C:/Users/Hp 1030-G2/Documents/danb-project/Denb-main/vendor/filament/filament/src/Pages/Page.php(130): App/Filament/Pages/EmployeeReports::shouldRegisterNavigation()
#2 C:/Users/Hp 1030-G2/Documents/danb-project/Denb-main/vendor/filament/filament/src/Navigation/NavigationManager.php(176): Filament/Pages/Page::registerNavigationItems()
#3 C:/Users/Hp 1030-G2/Documents/danb-project/Denb-main/vendor/filament/filament/src/Navigation/NavigationManager.php(54): Filament/Navigation/NavigationManager->mountNavigation()
#4 C:/Users/Hp 1030-G2/Documents/danb-project/Denb-main/vendor/filament/filament/src/Panel/Concerns/HasNavigation.php(117): Filament/Navigation/NavigationManager->get()
#5 C:/Users/Hp 1030-G2/Documents/danb-project/Denb-main/vendor/filament/filament/src/FilamentManager.php(337): Filament/Panel->getNavigation()
#6 C:/Users/Hp 1030-G2/Documents/danb-project/Denb-main/storage/framework/views/9a5f03ddbc743526fef72ad9104c4a38.php(3): Filament/FilamentManager->getNavigation()
#7 C:/Users/Hp 1030-G2/Documents/danb-project/Denb-main/vendor/livewire/livewire/src/Mechanisms/ExtendBlade/ExtendedCompilerEngine.php(37): include('C://Users//Hp 103...')
#8 C:/Users/Hp 1030-G2/Documents/danb-project/Denb-main/vendor/livewire/livewire/src/Mechanisms/ExtendBlade/ExtendedCompilerEngine.php(38): Filament/Livewire/Sidebar->Livewire/Mechanisms/ExtendBlade/{closure}()
#9 C:/Users/Hp 1030-G2/Documents/danb-project/Denb-main/vendor/laravel/framework/src/Illuminate/View/Engines/CompilerEngine.php(76): Livewire/Mechanisms/ExtendBlade/ExtendedCompilerEngine->evaluatePath('C://Users//Hp 103...', Array)
#10 C:/Users/Hp 1030-G2/Documents/danb-project/Denb-main/vendor/livewire/livewire/src/Mechanisms/ExtendBlade/ExtendedCompilerEngine.php(16): Illuminate/View/Engines/CompilerEngine->get('C://Users//Hp 103...', Array)
#11 C:/Users/Hp 1030-G2/Documents/danb-project/Denb-main/vendor/laravel/framework/src/Illuminate/View/View.php(208): Livewire/Mechanisms/ExtendBlade/ExtendedCompilerEngine->get('C://Users//Hp 103...', Array)
#12 C:/Users/Hp 1030-G2/Documents/danb-project/Denb-main/vendor/laravel/framework/src/Illuminate/View/View.php(191): Illuminate/View/View->getContents()
#13 C:/Users/Hp 1030-G2/Documents/danb-project/Denb-main/vendor/laravel/framework/src/Illuminate/View/View.php(160): Illuminate/View/View->renderContents()
#14 C:/Users/Hp 1030-G2/Documents/danb-project/Denb-main/vendor/livewire/livewire/src/Mechanisms/HandleComponents/HandleComponents.php(410): Illuminate/View/View->render(Object(Closure))
#15 C:/Users/Hp 1030-G2/Documents/danb-project/Denb-main/vendor/livewire/livewire/src/Mechanisms/HandleComponents/HandleComponents.php(461): Livewire/Mechanisms/HandleComponents/HandleComponents->Livewire/Mechanisms/HandleComponents/{closure}()
#16 C:/Users/Hp 1030-G2/Documents/danb-project/Denb-main/vendor/livewire/livewire/src/Mechanisms/HandleComponents/HandleComponents.php(402): Livewire/Mechanisms/HandleComponents/HandleComponents->trackInRenderStack(Object(Filament/Livewire/Sidebar), Object(Closure))
#17 C:/Users/Hp 1030-G2/Documents/danb-project/Denb-main/vendor/livewire/livewire/src/Mechanisms/HandleComponents/HandleComponents.php(81): Livewire/Mechanisms/HandleComponents/HandleComponents->render(Object(Filament/Livewire/Sidebar), '<div></div>')
#18 C:/Users/Hp 1030-G2/Documents/danb-project/Denb-main/vendor/livewire/livewire/src/LivewireManager.php(102): Livewire/Mechanisms/HandleComponents/HandleComponents->mount('Filament//Livewi...', Array, 'lw-3234349364-1...', Array)
#19 C:/Users/Hp 1030-G2/Documents/danb-project/Denb-main/storage/framework/views/5d985b17f252fa390e67905a5f2e136c.php(139): Livewire/LivewireManager->mount('Filament//Livewi...', Array, 'lw-3234349364-1...', Array)
#20 C:/Users/Hp 1030-G2/Documents/danb-project/Denb-main/vendor/laravel/framework/src/Illuminate/Filesystem/Filesystem.php(123): require('C://Users//Hp 103...')
#21 C:/Users/Hp 1030-G2/Documents/danb-project/Denb-main/vendor/laravel/framework/src/Illuminate/Filesystem/Filesystem.php(124): Illuminate/Filesystem/Filesystem::Illuminate/Filesystem/{closure}()
#22 C:/Users/Hp 1030-G2/Documents/danb-project/Denb-main/vendor/laravel/framework/src/Illuminate/View/Engines/PhpEngine.php(57): Illuminate/Filesystem/Filesystem->getRequire('C://Users//Hp 103...', Array)
#23 C:/Users/Hp 1030-G2/Documents/danb-project/Denb-main/vendor/livewire/livewire/src/Mechanisms/ExtendBlade/ExtendedCompilerEngine.php(22): Illuminate/View/Engines/PhpEngine->evaluatePath('C://Users//Hp 103...', Array)
#24 C:/Users/Hp 1030-G2/Documents/danb-project/Denb-main/vendor/laravel/framework/src/Illuminate/View/Engines/CompilerEngine.php(76): Livewire/Mechanisms/ExtendBlade/ExtendedCompilerEngine->evaluatePath('C://Users//Hp 103...', Array)
#25 C:/Users/Hp 1030-G2/Documents/danb-project/Denb-main/vendor/livewire/livewire/src/Mechanisms/ExtendBlade/ExtendedCompilerEngine.php(10): Illuminate/View/Engines/CompilerEngine->get('C://Users//Hp 103...', Array)
#26 C:/Users/Hp 1030-G2/Documents/danb-project/Denb-main/vendor/laravel/framework/src/Illuminate/View/View.php(208): Livewire/Mechanisms/ExtendBlade/ExtendedCompilerEngine->get('C://Users//Hp 103...', Array)
#27 C:/Users/Hp 1030-G2/Documents/danb-project/Denb-main/vendor/laravel/framework/src/Illuminate/View/View.php(191): Illuminate/View/View->getContents()
#28 C:/Users/Hp 1030-G2/Documents/danb-project/Denb-main/vendor/laravel/framework/src/Illuminate/View/View.php(160): Illuminate/View/View->renderContents()
#29 C:/Users/Hp 1030-G2/Documents/danb-project/Denb-main/vendor/laravel/framework/src/Illuminate/View/Concerns/ManagesComponents.php(103): Illuminate/View/View->render()
#30 C:/Users/Hp 1030-G2/Documents/danb-project/Denb-main/storage/framework/views/ee01088d7dc8cc88c68e389d13a0d5b9.php(17): Illuminate/View/Factory->renderComponent()
#31 C:/Users/Hp 1030-G2/Documents/danb-project/Denb-main/vendor/laravel/framework/src/Illuminate/Filesystem/Filesystem.php(123): require('C://Users//Hp 103...')
#32 C:/Users/Hp 1030-G2/Documents/danb-project/Denb-main/vendor/laravel/framework/src/Illuminate/Filesystem/Filesystem.php(124): Illuminate/Filesystem/Filesystem::Illuminate/Filesystem/{closure}()
#33 C:/Users/Hp 1030-G2/Documents/danb-project/Denb-main/vendor/laravel/framework/src/Illuminate/View/Engines/PhpEngine.php(57): Illuminate/Filesystem/Filesystem->getRequire('C://Users//Hp 103...', Array)
#34 C:/Users/Hp 1030-G2/Documents/danb-project/Denb-main/vendor/livewire/livewire/src/Mechanisms/ExtendBlade/ExtendedCompilerEngine.php(22): Illuminate/View/Engines/PhpEngine->evaluatePath('C://Users//Hp 103...', Array)
#35 C:/Users/Hp 1030-G2/Documents/danb-project/Denb-main/vendor/laravel/framework/src/Illuminate/View/Engines/CompilerEngine.php(76): Livewire/Mechanisms/ExtendBlade/ExtendedCompilerEngine->evaluatePath('C://Users//Hp 103...', Array)
#36 C:/Users/Hp 1030-G2/Documents/danb-project/Denb-main/vendor/livewire/livewire/src/Mechanisms/ExtendBlade/ExtendedCompilerEngine.php(10): Illuminate/View/Engines/CompilerEngine->get('C://Users//Hp 103...', Array)
#37 C:/Users/Hp 1030-G2/Documents/danb-project/Denb-main/vendor/laravel/framework/src/Illuminate/View/View.php(208): Livewire/Mechanisms/ExtendBlade/ExtendedCompilerEngine->get('C://Users//Hp 103...', Array)
#38 C:/Users/Hp 1030-G2/Documents/danb-project/Denb-main/vendor/laravel/framework/src/Illuminate/View/View.php(191): Illuminate/View/View->getContents()
#39 C:/Users/Hp 1030-G2/Documents/danb-project/Denb-main/vendor/laravel/framework/src/Illuminate/View/View.php(160): Illuminate/View/View->renderContents()
#40 C:/Users/Hp 1030-G2/Documents/danb-project/Denb-main/vendor/laravel/framework/src/Illuminate/View/Compilers/BladeCompiler.php(353): Illuminate/View/View->render()
#41 C:/Users/Hp 1030-G2/Documents/danb-project/Denb-main/vendor/laravel/framework/src/Illuminate/Support/Facades/Facade.php(363): Illuminate/View/Compilers/BladeCompiler::render('    <?php $layo...', Array)
#42 C:/Users/Hp 1030-G2/Documents/danb-project/Denb-main/vendor/livewire/livewire/src/Features/SupportPageComponents/SupportPageComponents.php(162): Illuminate/Support/Facades/Facade::__callStatic('render', Array)
#43 C:/Users/Hp 1030-G2/Documents/danb-project/Denb-main/vendor/livewire/livewire/src/Features/SupportPageComponents/HandlesPageComponents.php(26): Livewire/Features/SupportPageComponents/SupportPageComponents::renderContentsIntoLayout('<div wire:snaps...', Object(Livewire/Features/SupportPageComponents/PageComponentConfig))
#44 C:/Users/Hp 1030-G2/Documents/danb-project/Denb-main/vendor/laravel/framework/src/Illuminate/Routing/ControllerDispatcher.php(46): Livewire/Component->__invoke()
#45 C:/Users/Hp 1030-G2/Documents/danb-project/Denb-main/vendor/laravel/framework/src/Illuminate/Routing/Route.php(265): Illuminate/Routing/ControllerDispatcher->dispatch(Object(Illuminate/Routing/Route), Object(Filament/Pages/Dashboard), '__invoke')
#46 C:/Users/Hp 1030-G2/Documents/danb-project/Denb-main/vendor/laravel/framework/src/Illuminate/Routing/Route.php(211): Illuminate/Routing/Route->runController()
#47 C:/Users/Hp 1030-G2/Documents/danb-project/Denb-main/vendor/laravel/framework/src/Illuminate/Routing/Router.php(822): Illuminate/Routing/Route->run()
#48 C:/Users/Hp 1030-G2/Documents/danb-project/Denb-main/vendor/laravel/framework/src/Illuminate/Pipeline/Pipeline.php(180): Illuminate/Routing/Router->Illuminate/Routing/{closure}(Object(Illuminate/Http/Request))
#49 C:/Users/Hp 1030-G2/Documents/danb-project/Denb-main/vendor/filament/filament/src/Http/Middleware/DispatchServingFilamentEvent.php(15): Illuminate/Pipeline/Pipeline->Illuminate/Pipeline/{closure}(Object(Illuminate/Http/Request))
#50 C:/Users/Hp 1030-G2/Documents/danb-project/Denb-main/vendor/laravel/framework/src/Illuminate/Pipeline/Pipeline.php(219): Filament/Http/Middleware/DispatchServingFilamentEvent->handle(Object(Illuminate/Http/Request), Object(Closure))
#51 C:/Users/Hp 1030-G2/Documents/danb-project/Denb-main/vendor/filament/filament/src/Http/Middleware/DisableBladeIconComponents.php(14): Illuminate/Pipeline/Pipeline->Illuminate/Pipeline/{closure}(Object(Illuminate/Http/Request))
#52 C:/Users/Hp 1030-G2/Documents/danb-project/Denb-main/vendor/laravel/framework/src/Illuminate/Pipeline/Pipeline.php(219): Filament/Http/Middleware/DisableBladeIconComponents->handle(Object(Illuminate/Http/Request), Object(Closure))
#53 C:/Users/Hp 1030-G2/Documents/danb-project/Denb-main/vendor/laravel/framework/src/Illuminate/Routing/Middleware/SubstituteBindings.php(50): Illuminate/Pipeline/Pipeline->Illuminate/Pipeline/{closure}(Object(Illuminate/Http/Request))
#54 C:/Users/Hp 1030-G2/Documents/danb-project/Denb-main/vendor/laravel/framework/src/Illuminate/Pipeline/Pipeline.php(219): Illuminate/Routing/Middleware/SubstituteBindings->handle(Object(Illuminate/Http/Request), Object(Closure))
#55 C:/Users/Hp 1030-G2/Documents/danb-project/Denb-main/vendor/laravel/framework/src/Illuminate/Foundation/Http/Middleware/VerifyCsrfToken.php(87): Illuminate/Pipeline/Pipeline->Illuminate/Pipeline/{closure}(Object(Illuminate/Http/Request))
#56 C:/Users/Hp 1030-G2/Documents/danb-project/Denb-main/vendor/laravel/framework/src/Illuminate/Pipeline/Pipeline.php(219): Illuminate/Foundation/Http/Middleware/VerifyCsrfToken->handle(Object(Illuminate/Http/Request), Object(Closure))
#57 C:/Users/Hp 1030-G2/Documents/danb-project/Denb-main/vendor/laravel/framework/src/Illuminate/Session/Middleware/AuthenticateSession.php(70): Illuminate/Pipeline/Pipeline->Illuminate/Pipeline/{closure}(Object(Illuminate/Http/Request))
#58 C:/Users/Hp 1030-G2/Documents/danb-project/Denb-main/vendor/laravel/framework/src/Illuminate/Pipeline/Pipeline.php(219): Illuminate/Session/Middleware/AuthenticateSession->handle(Object(Illuminate/Http/Request), Object(Closure))
#59 C:/Users/Hp 1030-G2/Documents/danb-project/Denb-main/vendor/laravel/framework/src/Illuminate/Auth/Middleware/Authenticate.php(63): Illuminate/Pipeline/Pipeline->Illuminate/Pipeline/{closure}(Object(Illuminate/Http/Request))
#60 C:/Users/Hp 1030-G2/Documents/danb-project/Denb-main/vendor/laravel/framework/src/Illuminate/Pipeline/Pipeline.php(219): Illuminate/Auth/Middleware/Authenticate->handle(Object(Illuminate/Http/Request), Object(Closure))
#61 C:/Users/Hp 1030-G2/Documents/danb-project/Denb-main/vendor/laravel/framework/src/Illuminate/View/Middleware/ShareErrorsFromSession.php(48): Illuminate/Pipeline/Pipeline->Illuminate/Pipeline/{closure}(Object(Illuminate/Http/Request))
#62 C:/Users/Hp 1030-G2/Documents/danb-project/Denb-main/vendor/laravel/framework/src/Illuminate/Pipeline/Pipeline.php(219): Illuminate/View/Middleware/ShareErrorsFromSession->handle(Object(Illuminate/Http/Request), Object(Closure))
#63 C:/Users/Hp 1030-G2/Documents/danb-project/Denb-main/vendor/laravel/framework/src/Illuminate/Session/Middleware/StartSession.php(120): Illuminate/Pipeline/Pipeline->Illuminate/Pipeline/{closure}(Object(Illuminate/Http/Request))
#64 C:/Users/Hp 1030-G2/Documents/danb-project/Denb-main/vendor/laravel/framework/src/Illuminate/Session/Middleware/StartSession.php(63): Illuminate/Session/Middleware/StartSession->handleStatefulRequest(Object(Illuminate/Http/Request), Object(Illuminate/Session/Store), Object(Closure))
#65 C:/Users/Hp 1030-G2/Documents/danb-project/Denb-main/vendor/laravel/framework/src/Illuminate/Pipeline/Pipeline.php(219): Illuminate/Session/Middleware/StartSession->handle(Object(Illuminate/Http/Request), Object(Closure))
#66 C:/Users/Hp 1030-G2/Documents/danb-project/Denb-main/vendor/laravel/framework/src/Illuminate/Cookie/Middleware/AddQueuedCookiesToResponse.php(36): Illuminate/Pipeline/Pipeline->Illuminate/Pipeline/{closure}(Object(Illuminate/Http/Request))
#67 C:/Users/Hp 1030-G2/Documents/danb-project/Denb-main/vendor/laravel/framework/src/Illuminate/Pipeline/Pipeline.php(219): Illuminate/Cookie/Middleware/AddQueuedCookiesToResponse->handle(Object(Illuminate/Http/Request), Object(Closure))
#68 C:/Users/Hp 1030-G2/Documents/danb-project/Denb-main/vendor/laravel/framework/src/Illuminate/Cookie/Middleware/EncryptCookies.php(74): Illuminate/Pipeline/Pipeline->Illuminate/Pipeline/{closure}(Object(Illuminate/Http/Request))
#69 C:/Users/Hp 1030-G2/Documents/danb-project/Denb-main/vendor/laravel/framework/src/Illuminate/Pipeline/Pipeline.php(219): Illuminate/Cookie/Middleware/EncryptCookies->handle(Object(Illuminate/Http/Request), Object(Closure))
#70 C:/Users/Hp 1030-G2/Documents/danb-project/Denb-main/vendor/filament/filament/src/Http/Middleware/SetUpPanel.php(19): Illuminate/Pipeline/Pipeline->Illuminate/Pipeline/{closure}(Object(Illuminate/Http/Request))
#71 C:/Users/Hp 1030-G2/Documents/danb-project/Denb-main/vendor/laravel/framework/src/Illuminate/Pipeline/Pipeline.php(219): Filament/Http/Middleware/SetUpPanel->handle(Object(Illuminate/Http/Request), Object(Closure), Object(Filament/Panel))
#72 C:/Users/Hp 1030-G2/Documents/danb-project/Denb-main/vendor/laravel/framework/src/Illuminate/Pipeline/Pipeline.php(137): Illuminate/Pipeline/Pipeline->Illuminate/Pipeline/{closure}(Object(Illuminate/Http/Request))
#73 C:/Users/Hp 1030-G2/Documents/danb-project/Denb-main/vendor/laravel/framework/src/Illuminate/Routing/Router.php(821): Illuminate/Pipeline/Pipeline->then(Object(Closure))
#74 C:/Users/Hp 1030-G2/Documents/danb-project/Denb-main/vendor/laravel/framework/src/Illuminate/Routing/Router.php(800): Illuminate/Routing/Router->runRouteWithinStack(Object(Illuminate/Routing/Route), Object(Illuminate/Http/Request))
#75 C:/Users/Hp 1030-G2/Documents/danb-project/Denb-main/vendor/laravel/framework/src/Illuminate/Routing/Router.php(764): Illuminate/Routing/Router->runRoute(Object(Illuminate/Http/Request), Object(Illuminate/Routing/Route))
#76 C:/Users/Hp 1030-G2/Documents/danb-project/Denb-main/vendor/laravel/framework/src/Illuminate/Routing/Router.php(753): Illuminate/Routing/Router->dispatchToRoute(Object(Illuminate/Http/Request))
#77 C:/Users/Hp 1030-G2/Documents/danb-project/Denb-main/vendor/laravel/framework/src/Illuminate/Foundation/Http/Kernel.php(200): Illuminate/Routing/Router->dispatch(Object(Illuminate/Http/Request))
#78 C:/Users/Hp 1030-G2/Documents/danb-project/Denb-main/vendor/laravel/framework/src/Illuminate/Pipeline/Pipeline.php(180): Illuminate/Foundation/Http/Kernel->Illuminate/Foundation/Http/{closure}(Object(Illuminate/Http/Request))
#79 C:/Users/Hp 1030-G2/Documents/danb-project/Denb-main/vendor/livewire/livewire/src/Features/SupportDisablingBackButtonCache/DisableBackButtonCacheMiddleware.php(19): Illuminate/Pipeline/Pipeline->Illuminate/Pipeline/{closure}(Object(Illuminate/Http/Request))
#80 C:/Users/Hp 1030-G2/Documents/danb-project/Denb-main/vendor/laravel/framework/src/Illuminate/Pipeline/Pipeline.php(219): Livewire/Features/SupportDisablingBackButtonCache/DisableBackButtonCacheMiddleware->handle(Object(Illuminate/Http/Request), Object(Closure))
#81 C:/Users/Hp 1030-G2/Documents/danb-project/Denb-main/vendor/laravel/framework/src/Illuminate/Foundation/Http/Middleware/TransformsRequest.php(21): Illuminate/Pipeline/Pipeline->Illuminate/Pipeline/{closure}(Object(Illuminate/Http/Request))
#82 C:/Users/Hp 1030-G2/Documents/danb-project/Denb-main/vendor/laravel/framework/src/Illuminate/Foundation/Http/Middleware/ConvertEmptyStringsToNull.php(31): Illuminate/Foundation/Http/Middleware/TransformsRequest->handle(Object(Illuminate/Http/Request), Object(Closure))
#83 C:/Users/Hp 1030-G2/Documents/danb-project/Denb-main/vendor/laravel/framework/src/Illuminate/Pipeline/Pipeline.php(219): Illuminate/Foundation/Http/Middleware/ConvertEmptyStringsToNull->handle(Object(Illuminate/Http/Request), Object(Closure))
#84 C:/Users/Hp 1030-G2/Documents/danb-project/Denb-main/vendor/laravel/framework/src/Illuminate/Foundation/Http/Middleware/TransformsRequest.php(21): Illuminate/Pipeline/Pipeline->Illuminate/Pipeline/{closure}(Object(Illuminate/Http/Request))
#85 C:/Users/Hp 1030-G2/Documents/danb-project/Denb-main/vendor/laravel/framework/src/Illuminate/Foundation/Http/Middleware/TrimStrings.php(51): Illuminate/Foundation/Http/Middleware/TransformsRequest->handle(Object(Illuminate/Http/Request), Object(Closure))
#86 C:/Users/Hp 1030-G2/Documents/danb-project/Denb-main/vendor/laravel/framework/src/Illuminate/Pipeline/Pipeline.php(219): Illuminate/Foundation/Http/Middleware/TrimStrings->handle(Object(Illuminate/Http/Request), Object(Closure))
#87 C:/Users/Hp 1030-G2/Documents/danb-project/Denb-main/vendor/laravel/framework/src/Illuminate/Http/Middleware/ValidatePostSize.php(27): Illuminate/Pipeline/Pipeline->Illuminate/Pipeline/{closure}(Object(Illuminate/Http/Request))
#88 C:/Users/Hp 1030-G2/Documents/danb-project/Denb-main/vendor/laravel/framework/src/Illuminate/Pipeline/Pipeline.php(219): Illuminate/Http/Middleware/ValidatePostSize->handle(Object(Illuminate/Http/Request), Object(Closure))
#89 C:/Users/Hp 1030-G2/Documents/danb-project/Denb-main/vendor/laravel/framework/src/Illuminate/Foundation/Http/Middleware/PreventRequestsDuringMaintenance.php(109): Illuminate/Pipeline/Pipeline->Illuminate/Pipeline/{closure}(Object(Illuminate/Http/Request))
#90 C:/Users/Hp 1030-G2/Documents/danb-project/Denb-main/vendor/laravel/framework/src/Illuminate/Pipeline/Pipeline.php(219): Illuminate/Foundation/Http/Middleware/PreventRequestsDuringMaintenance->handle(Object(Illuminate/Http/Request), Object(Closure))
#91 C:/Users/Hp 1030-G2/Documents/danb-project/Denb-main/vendor/laravel/framework/src/Illuminate/Http/Middleware/HandleCors.php(61): Illuminate/Pipeline/Pipeline->Illuminate/Pipeline/{closure}(Object(Illuminate/Http/Request))
#92 C:/Users/Hp 1030-G2/Documents/danb-project/Denb-main/vendor/laravel/framework/src/Illuminate/Pipeline/Pipeline.php(219): Illuminate/Http/Middleware/HandleCors->handle(Object(Illuminate/Http/Request), Object(Closure))
#93 C:/Users/Hp 1030-G2/Documents/danb-project/Denb-main/vendor/laravel/framework/src/Illuminate/Http/Middleware/TrustProxies.php(58): Illuminate/Pipeline/Pipeline->Illuminate/Pipeline/{closure}(Object(Illuminate/Http/Request))
#94 C:/Users/Hp 1030-G2/Documents/danb-project/Denb-main/vendor/laravel/framework/src/Illuminate/Pipeline/Pipeline.php(219): Illuminate/Http/Middleware/TrustProxies->handle(Object(Illuminate/Http/Request), Object(Closure))
#95 C:/Users/Hp 1030-G2/Documents/danb-project/Denb-main/vendor/laravel/framework/src/Illuminate/Foundation/Http/Middleware/InvokeDeferredCallbacks.php(22): Illuminate/Pipeline/Pipeline->Illuminate/Pipeline/{closure}(Object(Illuminate/Http/Request))
#96 C:/Users/Hp 1030-G2/Documents/danb-project/Denb-main/vendor/laravel/framework/src/Illuminate/Pipeline/Pipeline.php(219): Illuminate/Foundation/Http/Middleware/InvokeDeferredCallbacks->handle(Object(Illuminate/Http/Request), Object(Closure))
#97 C:/Users/Hp 1030-G2/Documents/danb-project/Denb-main/vendor/laravel/framework/src/Illuminate/Http/Middleware/ValidatePathEncoding.php(26): Illuminate/Pipeline/Pipeline->Illuminate/Pipeline/{closure}(Object(Illuminate/Http/Request))
#98 C:/Users/Hp 1030-G2/Documents/danb-project/Denb-main/vendor/laravel/framework/src/Illuminate/Pipeline/Pipeline.php(219): Illuminate/Http/Middleware/ValidatePathEncoding->handle(Object(Illuminate/Http/Request), Object(Closure))
#99 C:/Users/Hp 1030-G2/Documents/danb-project/Denb-main/vendor/laravel/framework/src/Illuminate/Pipeline/Pipeline.php(137): Illuminate/Pipeline/Pipeline->Illuminate/Pipeline/{closure}(Object(Illuminate/Http/Request))
#100 C:/Users/Hp 1030-G2/Documents/danb-project/Denb-main/vendor/laravel/framework/src/Illuminate/Foundation/Http/Kernel.php(175): Illuminate/Pipeline/Pipeline->then(Object(Closure))
#101 C:/Users/Hp 1030-G2/Documents/danb-project/Denb-main/vendor/laravel/framework/src/Illuminate/Foundation/Http/Kernel.php(144): Illuminate/Foundation/Http/Kernel->sendRequestThroughRouter(Object(Illuminate/Http/Request))
#102 C:/Users/Hp 1030-G2/Documents/danb-project/Denb-main/vendor/laravel/framework/src/Illuminate/Foundation/Application.php(1220): Illuminate/Foundation/Http/Kernel->handle(Object(Illuminate/Http/Request))
#103 C:/Users/Hp 1030-G2/Documents/danb-project/Denb-main/public/index.php(20): Illuminate/Foundation/Application->handleRequest(Object(Illuminate/Http/Request))
#104 C:/Users/Hp 1030-G2/Documents/danb-project/Denb-main/vendor/laravel/framework/src/Illuminate/Foundation/resources/server.php(23): require_once('C://Users//Hp 103...')
#105 {main}
"} 
[2026-09-22 17:48:43] local.ERROR: Unable to find component: [App\Filament\Resources\UniformDistributions\Pages\ListUniformDistributions] {"userId":1,"exception":"[object] (Livewire\\Exceptions\\ComponentNotFoundException(code: 0): Unable to find component: [App\\Filament\\Resources\\UniformDistributions\\Pages\\ListUniformDistributions] at C:/Users/Hp 1030-G2/Documents/danb-project/Denb-main/vendor/livewire/livewire/src/Factory/Factory.php:76)
[stacktrace]
#0 C:/Users/Hp 1030-G2/Documents/danb-project/Denb-main/vendor/livewire/livewire/src/Factory/Factory.php(23): Livewire/Factory/Factory->resolveComponentNameAndClass('App//Filament//Re...')
#1 C:/Users/Hp 1030-G2/Documents/danb-project/Denb-main/vendor/livewire/livewire/src/LivewireManager.php(79): Livewire/Factory/Factory->create('App//Filament//Re...', NULL)
#2 C:/Users/Hp 1030-G2/Documents/danb-project/Denb-main/vendor/filament/filament/src/Widgets/Concerns/InteractsWithPageTable.php(80): Livewire/LivewireManager->new('App//Filament//Re...')
#3 C:/Users/Hp 1030-G2/Documents/danb-project/Denb-main/vendor/filament/filament/src/Widgets/Concerns/InteractsWithPageTable.php(106): App/Filament/Widgets/UniformDistributionStats->getTablePageInstance()
#4 C:/Users/Hp 1030-G2/Documents/danb-project/Denb-main/app/Filament/Widgets/UniformDistributionStats.php(31): App/Filament/Widgets/UniformDistributionStats->getPageTableQuery()
#5 C:/Users/Hp 1030-G2/Documents/danb-project/Denb-main/vendor/filament/widgets/src/StatsOverviewWidget.php(94): App/Filament/Widgets/UniformDistributionStats->getStats()
#6 C:/Users/Hp 1030-G2/Documents/danb-project/Denb-main/vendor/filament/widgets/src/StatsOverviewWidget.php(66): Filament/Widgets/StatsOverviewWidget->getCachedStats()
#7 C:/Users/Hp 1030-G2/Documents/danb-project/Denb-main/storage/framework/views/845169c46ddf0f9b8501b8789709e1ac.php(2): Filament/Widgets/StatsOverviewWidget->getColumns()
#8 C:/Users/Hp 1030-G2/Documents/danb-project/Denb-main/vendor/livewire/livewire/src/Mechanisms/ExtendBlade/ExtendedCompilerEngine.php(37): include('C://Users//Hp 103...')
#9 C:/Users/Hp 1030-G2/Documents/danb-project/Denb-main/vendor/livewire/livewire/src/Mechanisms/ExtendBlade/ExtendedCompilerEngine.php(38): App/Filament/Widgets/UniformDistributionStats->Livewire/Mechanisms/ExtendBlade/{closure}()
#10 C:/Users/Hp 1030-G2/Documents/danb-project/Denb-main/vendor/laravel/framework/src/Illuminate/View/Engines/CompilerEngine.php(76): Livewire/Mechanisms/ExtendBlade/ExtendedCompilerEngine->evaluatePath('C://Users//Hp 103...', Array)
#11 C:/Users/Hp 1030-G2/Documents/danb-project/Denb-main/vendor/livewire/livewire/src/Mechanisms/ExtendBlade/ExtendedCompilerEngine.php(16): Illuminate/View/Engines/CompilerEngine->get('C://Users//Hp 103...', Array)
#12 C:/Users/Hp 1030-G2/Documents/danb-project/Denb-main/vendor/laravel/framework/src/Illuminate/View/View.php(208): Livewire/Mechanisms/ExtendBlade/ExtendedCompilerEngine->get('C://Users//Hp 103...', Array)
#13 C:/Users/Hp 1030-G2/Documents/danb-project/Denb-main/vendor/laravel/framework/src/Illuminate/View/View.php(191): Illuminate/View/View->getContents()
#14 C:/Users/Hp 1030-G2/Documents/danb-project/Denb-main/vendor/laravel/framework/src/Illuminate/View/View.php(160): Illuminate/View/View->renderContents()
#15 C:/Users/Hp 1030-G2/Documents/danb-project/Denb-main/vendor/livewire/livewire/src/Mechanisms/HandleComponents/HandleComponents.php(410): Illuminate/View/View->render(Object(Closure))
#16 C:/Users/Hp 1030-G2/Documents/danb-project/Denb-main/vendor/livewire/livewire/src/Mechanisms/HandleComponents/HandleComponents.php(461): Livewire/Mechanisms/HandleComponents/HandleComponents->Livewire/Mechanisms/HandleComponents/{closure}()
#17 C:/Users/Hp 1030-G2/Documents/danb-project/Denb-main/vendor/livewire/livewire/src/Mechanisms/HandleComponents/HandleComponents.php(402): Livewire/Mechanisms/HandleComponents/HandleComponents->trackInRenderStack(Object(App/Filament/Widgets/UniformDistributionStats), Object(Closure))
#18 C:/Users/Hp 1030-G2/Documents/danb-project/Denb-main/vendor/livewire/livewire/src/Mechanisms/HandleComponents/HandleComponents.php(243): Livewire/Mechanisms/HandleComponents/HandleComponents->render(Object(App/Filament/Widgets/UniformDistributionStats))
#19 C:/Users/Hp 1030-G2/Documents/danb-project/Denb-main/vendor/livewire/livewire/src/LivewireManager.php(131): Livewire/Mechanisms/HandleComponents/HandleComponents->update(Array, Array, Array)
#20 C:/Users/Hp 1030-G2/Documents/danb-project/Denb-main/vendor/livewire/livewire/src/Mechanisms/HandleRequests/HandleRequests.php(190): Livewire/LivewireManager->update(Array, Array, Array)
#21 C:/Users/Hp 1030-G2/Documents/danb-project/Denb-main/vendor/laravel/framework/src/Illuminate/Routing/ControllerDispatcher.php(46): Livewire/Mechanisms/HandleRequests/HandleRequests->handleUpdate()
#22 C:/Users/Hp 1030-G2/Documents/danb-project/Denb-main/vendor/laravel/framework/src/Illuminate/Routing/Route.php(265): Illuminate/Routing/ControllerDispatcher->dispatch(Object(Illuminate/Routing/Route), Object(Livewire/Mechanisms/HandleRequests/HandleRequests), 'handleUpdate')
#23 C:/Users/Hp 1030-G2/Documents/danb-project/Denb-main/vendor/laravel/framework/src/Illuminate/Routing/Route.php(211): Illuminate/Routing/Route->runController()
#24 C:/Users/Hp 1030-G2/Documents/danb-project/Denb-main/vendor/laravel/framework/src/Illuminate/Routing/Router.php(822): Illuminate/Routing/Route->run()
#25 C:/Users/Hp 1030-G2/Documents/danb-project/Denb-main/vendor/laravel/framework/src/Illuminate/Pipeline/Pipeline.php(180): Illuminate/Routing/Router->Illuminate/Routing/{closure}(Object(Illuminate/Http/Request))
#26 C:/Users/Hp 1030-G2/Documents/danb-project/Denb-main/vendor/livewire/livewire/src/Mechanisms/HandleRequests/RequireLivewireHeaders.php(19): Illuminate/Pipeline/Pipeline->Illuminate/Pipeline/{closure}(Object(Illuminate/Http/Request))
#27 C:/Users/Hp 1030-G2/Documents/danb-project/Denb-main/vendor/laravel/framework/src/Illuminate/Pipeline/Pipeline.php(219): Livewire/Mechanisms/HandleRequests/RequireLivewireHeaders->handle(Object(Illuminate/Http/Request), Object(Closure))
#28 C:/Users/Hp 1030-G2/Documents/danb-project/Denb-main/app/Http/Middleware/SetLocale.php(24): Illuminate/Pipeline/Pipeline->Illuminate/Pipeline/{closure}(Object(Illuminate/Http/Request))
#29 C:/Users/Hp 1030-G2/Documents/danb-project/Denb-main/vendor/laravel/framework/src/Illuminate/Pipeline/Pipeline.php(219): App/Http/Middleware/SetLocale->handle(Object(Illuminate/Http/Request), Object(Closure))
#30 C:/Users/Hp 1030-G2/Documents/danb-project/Denb-main/app/Http/Middleware/CheckMaintenanceMode.php(15): Illuminate/Pipeline/Pipeline->Illuminate/Pipeline/{closure}(Object(Illuminate/Http/Request))
#31 C:/Users/Hp 1030-G2/Documents/danb-project/Denb-main/vendor/laravel/framework/src/Illuminate/Pipeline/Pipeline.php(219): App/Http/Middleware/CheckMaintenanceMode->handle(Object(Illuminate/Http/Request), Object(Closure))
#32 C:/Users/Hp 1030-G2/Documents/danb-project/Denb-main/vendor/laravel/framework/src/Illuminate/Routing/Middleware/SubstituteBindings.php(50): Illuminate/Pipeline/Pipeline->Illuminate/Pipeline/{closure}(Object(Illuminate/Http/Request))
#33 C:/Users/Hp 1030-G2/Documents/danb-project/Denb-main/vendor/laravel/framework/src/Illuminate/Pipeline/Pipeline.php(219): Illuminate/Routing/Middleware/SubstituteBindings->handle(Object(Illuminate/Http/Request), Object(Closure))
#34 C:/Users/Hp 1030-G2/Documents/danb-project/Denb-main/vendor/laravel/framework/src/Illuminate/Foundation/Http/Middleware/VerifyCsrfToken.php(87): Illuminate/Pipeline/Pipeline->Illuminate/Pipeline/{closure}(Object(Illuminate/Http/Request))
#35 C:/Users/Hp 1030-G2/Documents/danb-project/Denb-main/vendor/laravel/framework/src/Illuminate/Pipeline/Pipeline.php(219): Illuminate/Foundation/Http/Middleware/VerifyCsrfToken->handle(Object(Illuminate/Http/Request), Object(Closure))
#36 C:/Users/Hp 1030-G2/Documents/danb-project/Denb-main/vendor/laravel/framework/src/Illuminate/View/Middleware/ShareErrorsFromSession.php(48): Illuminate/Pipeline/Pipeline->Illuminate/Pipeline/{closure}(Object(Illuminate/Http/Request))
#37 C:/Users/Hp 1030-G2/Documents/danb-project/Denb-main/vendor/laravel/framework/src/Illuminate/Pipeline/Pipeline.php(219): Illuminate/View/Middleware/ShareErrorsFromSession->handle(Object(Illuminate/Http/Request), Object(Closure))
#38 C:/Users/Hp 1030-G2/Documents/danb-project/Denb-main/vendor/laravel/framework/src/Illuminate/Session/Middleware/StartSession.php(120): Illuminate/Pipeline/Pipeline->Illuminate/Pipeline/{closure}(Object(Illuminate/Http/Request))
#39 C:/Users/Hp 1030-G2/Documents/danb-project/Denb-main/vendor/laravel/framework/src/Illuminate/Session/Middleware/StartSession.php(63): Illuminate/Session/Middleware/StartSession->handleStatefulRequest(Object(Illuminate/Http/Request), Object(Illuminate/Session/Store), Object(Closure))
#40 C:/Users/Hp 1030-G2/Documents/danb-project/Denb-main/vendor/laravel/framework/src/Illuminate/Pipeline/Pipeline.php(219): Illuminate/Session/Middleware/StartSession->handle(Object(Illuminate/Http/Request), Object(Closure))
#41 C:/Users/Hp 1030-G2/Documents/danb-project/Denb-main/vendor/laravel/framework/src/Illuminate/Cookie/Middleware/AddQueuedCookiesToResponse.php(36): Illuminate/Pipeline/Pipeline->Illuminate/Pipeline/{closure}(Object(Illuminate/Http/Request))
#42 C:/Users/Hp 1030-G2/Documents/danb-project/Denb-main/vendor/laravel/framework/src/Illuminate/Pipeline/Pipeline.php(219): Illuminate/Cookie/Middleware/AddQueuedCookiesToResponse->handle(Object(Illuminate/Http/Request), Object(Closure))
#43 C:/Users/Hp 1030-G2/Documents/danb-project/Denb-main/vendor/laravel/framework/src/Illuminate/Cookie/Middleware/EncryptCookies.php(74): Illuminate/Pipeline/Pipeline->Illuminate/Pipeline/{closure}(Object(Illuminate/Http/Request))
#44 C:/Users/Hp 1030-G2/Documents/danb-project/Denb-main/vendor/laravel/framework/src/Illuminate/Pipeline/Pipeline.php(219): Illuminate/Cookie/Middleware/EncryptCookies->handle(Object(Illuminate/Http/Request), Object(Closure))
#45 C:/Users/Hp 1030-G2/Documents/danb-project/Denb-main/vendor/laravel/framework/src/Illuminate/Pipeline/Pipeline.php(137): Illuminate/Pipeline/Pipeline->Illuminate/Pipeline/{closure}(Object(Illuminate/Http/Request))
#46 C:/Users/Hp 1030-G2/Documents/danb-project/Denb-main/vendor/laravel/framework/src/Illuminate/Routing/Router.php(821): Illuminate/Pipeline/Pipeline->then(Object(Closure))
#47 C:/Users/Hp 1030-G2/Documents/danb-project/Denb-main/vendor/laravel/framework/src/Illuminate/Routing/Router.php(800): Illuminate/Routing/Router->runRouteWithinStack(Object(Illuminate/Routing/Route), Object(Illuminate/Http/Request))
#48 C:/Users/Hp 1030-G2/Documents/danb-project/Denb-main/vendor/laravel/framework/src/Illuminate/Routing/Router.php(764): Illuminate/Routing/Router->runRoute(Object(Illuminate/Http/Request), Object(Illuminate/Routing/Route))
#49 C:/Users/Hp 1030-G2/Documents/danb-project/Denb-main/vendor/laravel/framework/src/Illuminate/Routing/Router.php(753): Illuminate/Routing/Router->dispatchToRoute(Object(Illuminate/Http/Request))
#50 C:/Users/Hp 1030-G2/Documents/danb-project/Denb-main/vendor/laravel/framework/src/Illuminate/Foundation/Http/Kernel.php(200): Illuminate/Routing/Router->dispatch(Object(Illuminate/Http/Request))
#51 C:/Users/Hp 1030-G2/Documents/danb-project/Denb-main/vendor/laravel/framework/src/Illuminate/Pipeline/Pipeline.php(180): Illuminate/Foundation/Http/Kernel->Illuminate/Foundation/Http/{closure}(Object(Illuminate/Http/Request))
#52 C:/Users/Hp 1030-G2/Documents/danb-project/Denb-main/vendor/livewire/livewire/src/Features/SupportDisablingBackButtonCache/DisableBackButtonCacheMiddleware.php(19): Illuminate/Pipeline/Pipeline->Illuminate/Pipeline/{closure}(Object(Illuminate/Http/Request))
#53 C:/Users/Hp 1030-G2/Documents/danb-project/Denb-main/vendor/laravel/framework/src/Illuminate/Pipeline/Pipeline.php(219): Livewire/Features/SupportDisablingBackButtonCache/DisableBackButtonCacheMiddleware->handle(Object(Illuminate/Http/Request), Object(Closure))
#54 C:/Users/Hp 1030-G2/Documents/danb-project/Denb-main/vendor/laravel/framework/src/Illuminate/Foundation/Http/Middleware/ConvertEmptyStringsToNull.php(27): Illuminate/Pipeline/Pipeline->Illuminate/Pipeline/{closure}(Object(Illuminate/Http/Request))
#55 C:/Users/Hp 1030-G2/Documents/danb-project/Denb-main/vendor/laravel/framework/src/Illuminate/Pipeline/Pipeline.php(219): Illuminate/Foundation/Http/Middleware/ConvertEmptyStringsToNull->handle(Object(Illuminate/Http/Request), Object(Closure))
#56 C:/Users/Hp 1030-G2/Documents/danb-project/Denb-main/vendor/laravel/framework/src/Illuminate/Foundation/Http/Middleware/TrimStrings.php(47): Illuminate/Pipeline/Pipeline->Illuminate/Pipeline/{closure}(Object(Illuminate/Http/Request))
#57 C:/Users/Hp 1030-G2/Documents/danb-project/Denb-main/vendor/laravel/framework/src/Illuminate/Pipeline/Pipeline.php(219): Illuminate/Foundation/Http/Middleware/TrimStrings->handle(Object(Illuminate/Http/Request), Object(Closure))
#58 C:/Users/Hp 1030-G2/Documents/danb-project/Denb-main/vendor/laravel/framework/src/Illuminate/Http/Middleware/ValidatePostSize.php(27): Illuminate/Pipeline/Pipeline->Illuminate/Pipeline/{closure}(Object(Illuminate/Http/Request))
#59 C:/Users/Hp 1030-G2/Documents/danb-project/Denb-main/vendor/laravel/framework/src/Illuminate/Pipeline/Pipeline.php(219): Illuminate/Http/Middleware/ValidatePostSize->handle(Object(Illuminate/Http/Request), Object(Closure))
#60 C:/Users/Hp 1030-G2/Documents/danb-project/Denb-main/vendor/laravel/framework/src/Illuminate/Foundation/Http/Middleware/PreventRequestsDuringMaintenance.php(109): Illuminate/Pipeline/Pipeline->Illuminate/Pipeline/{closure}(Object(Illuminate/Http/Request))
#61 C:/Users/Hp 1030-G2/Documents/danb-project/Denb-main/vendor/laravel/framework/src/Illuminate/Pipeline/Pipeline.php(219): Illuminate/Foundation/Http/Middleware/PreventRequestsDuringMaintenance->handle(Object(Illuminate/Http/Request), Object(Closure))
#62 C:/Users/Hp 1030-G2/Documents/danb-project/Denb-main/vendor/laravel/framework/src/Illuminate/Http/Middleware/HandleCors.php(61): Illuminate/Pipeline/Pipeline->Illuminate/Pipeline/{closure}(Object(Illuminate/Http/Request))
#63 C:/Users/Hp 1030-G2/Documents/danb-project/Denb-main/vendor/laravel/framework/src/Illuminate/Pipeline/Pipeline.php(219): Illuminate/Http/Middleware/HandleCors->handle(Object(Illuminate/Http/Request), Object(Closure))
#64 C:/Users/Hp 1030-G2/Documents/danb-project/Denb-main/vendor/laravel/framework/src/Illuminate/Http/Middleware/TrustProxies.php(58): Illuminate/Pipeline/Pipeline->Illuminate/Pipeline/{closure}(Object(Illuminate/Http/Request))
#65 C:/Users/Hp 1030-G2/Documents/danb-project/Denb-main/vendor/laravel/framework/src/Illuminate/Pipeline/Pipeline.php(219): Illuminate/Http/Middleware/TrustProxies->handle(Object(Illuminate/Http/Request), Object(Closure))
#66 C:/Users/Hp 1030-G2/Documents/danb-project/Denb-main/vendor/laravel/framework/src/Illuminate/Foundation/Http/Middleware/InvokeDeferredCallbacks.php(22): Illuminate/Pipeline/Pipeline->Illuminate/Pipeline/{closure}(Object(Illuminate/Http/Request))
#67 C:/Users/Hp 1030-G2/Documents/danb-project/Denb-main/vendor/laravel/framework/src/Illuminate/Pipeline/Pipeline.php(219): Illuminate/Foundation/Http/Middleware/InvokeDeferredCallbacks->handle(Object(Illuminate/Http/Request), Object(Closure))
#68 C:/Users/Hp 1030-G2/Documents/danb-project/Denb-main/vendor/laravel/framework/src/Illuminate/Http/Middleware/ValidatePathEncoding.php(26): Illuminate/Pipeline/Pipeline->Illuminate/Pipeline/{closure}(Object(Illuminate/Http/Request))
#69 C:/Users/Hp 1030-G2/Documents/danb-project/Denb-main/vendor/laravel/framework/src/Illuminate/Pipeline/Pipeline.php(219): Illuminate/Http/Middleware/ValidatePathEncoding->handle(Object(Illuminate/Http/Request), Object(Closure))
#70 C:/Users/Hp 1030-G2/Documents/danb-project/Denb-main/vendor/laravel/framework/src/Illuminate/Pipeline/Pipeline.php(137): Illuminate/Pipeline/Pipeline->Illuminate/Pipeline/{closure}(Object(Illuminate/Http/Request))
#71 C:/Users/Hp 1030-G2/Documents/danb-project/Denb-main/vendor/laravel/framework/src/Illuminate/Foundation/Http/Kernel.php(175): Illuminate/Pipeline/Pipeline->then(Object(Closure))
#72 C:/Users/Hp 1030-G2/Documents/danb-project/Denb-main/vendor/laravel/framework/src/Illuminate/Foundation/Http/Kernel.php(144): Illuminate/Foundation/Http/Kernel->sendRequestThroughRouter(Object(Illuminate/Http/Request))
#73 C:/Users/Hp 1030-G2/Documents/danb-project/Denb-main/vendor/laravel/framework/src/Illuminate/Foundation/Application.php(1220): Illuminate/Foundation/Http/Kernel->handle(Object(Illuminate/Http/Request))
#74 C:/Users/Hp 1030-G2/Documents/danb-project/Denb-main/public/index.php(20): Illuminate/Foundation/Application->handleRequest(Object(Illuminate/Http/Request))
#75 C:/Users/Hp 1030-G2/Documents/danb-project/Denb-main/vendor/laravel/framework/src/Illuminate/Foundation/resources/server.php(23): require_once('C://Users//Hp 103...')
#76 {main}
"} 
[2026-09-22 17:48:53] local.ERROR: Class "App\Models\Department" not found {"userId":1,"exception":"[object] (Error(code: 0): Class \"App\\Models\\Department\" not found at C:/Users/Hp 1030-G2/Documents/danb-project/Denb-main/app/Filament/Resources/OfficerResource.php:170)
[stacktrace]
#0 C:/Users/Hp 1030-G2/Documents/danb-project/Denb-main/vendor/filament/filament/src/Resources/Resource.php(70): App/Filament/Resources/OfficerResource::table(Object(Filament/Tables/Table))
#1 C:/Users/Hp 1030-G2/Documents/danb-project/Denb-main/vendor/filament/filament/src/Resources/Pages/ListRecords.php(213): Filament/Resources/Resource::configureTable(Object(Filament/Tables/Table))
#2 C:/Users/Hp 1030-G2/Documents/danb-project/Denb-main/vendor/filament/tables/src/Concerns/InteractsWithTable.php(47): Filament/Resources/Pages/ListRecords->makeTable()
#3 C:/Users/Hp 1030-G2/Documents/danb-project/Denb-main/vendor/laravel/framework/src/Illuminate/Container/BoundMethod.php(36): Filament/Resources/Pages/ListRecords->bootedInteractsWithTable()
#4 C:/Users/Hp 1030-G2/Documents/danb-project/Denb-main/vendor/laravel/framework/src/Illuminate/Container/Util.php(43): Illuminate/Container/BoundMethod::Illuminate/Container/{closure}()
#5 C:/Users/Hp 1030-G2/Documents/danb-project/Denb-main/vendor/laravel/framework/src/Illuminate/Container/BoundMethod.php(96): Illuminate/Container/Util::unwrapIfClosure(Object(Closure))
#6 C:/Users/Hp 1030-G2/Documents/danb-project/Denb-main/vendor/laravel/framework/src/Illuminate/Container/BoundMethod.php(35): Illuminate/Container/BoundMethod::callBoundMethod(Object(Illuminate/Foundation/Application), Array, Object(Closure))
#7 C:/Users/Hp 1030-G2/Documents/danb-project/Denb-main/vendor/livewire/livewire/src/Wrapped.php(23): Illuminate/Container/BoundMethod::call(Object(Illuminate/Foundation/Application), Array, Array)
#8 C:/Users/Hp 1030-G2/Documents/danb-project/Denb-main/vendor/livewire/livewire/src/Features/SupportLifecycleHooks/SupportLifecycleHooks.php(214): Livewire/Wrapped->__call('bootedInteracts...', Array)
#9 C:/Users/Hp 1030-G2/Documents/danb-project/Denb-main/vendor/livewire/livewire/src/Features/SupportLifecycleHooks/SupportLifecycleHooks.php(39): Livewire/Features/SupportLifecycleHooks/SupportLifecycleHooks->callTraitHook('booted')
#10 C:/Users/Hp 1030-G2/Documents/danb-project/Denb-main/vendor/livewire/livewire/src/ComponentHook.php(19): Livewire/Features/SupportLifecycleHooks/SupportLifecycleHooks->mount(Array, false, Array)
#11 C:/Users/Hp 1030-G2/Documents/danb-project/Denb-main/vendor/livewire/livewire/src/ComponentHookRegistry.php(45): Livewire/ComponentHook->callMount(Array, false, Array)
#12 C:/Users/Hp 1030-G2/Documents/danb-project/Denb-main/vendor/livewire/livewire/src/EventBus.php(87): Livewire/ComponentHookRegistry::Livewire/{closure}(Object(App/Filament/Resources/Officers/Pages/ListOfficers), Array, NULL, false, Array)
#13 C:/Users/Hp 1030-G2/Documents/danb-project/Denb-main/vendor/livewire/livewire/src/helpers.php(98): Livewire/EventBus->trigger('mount', Object(App/Filament/Resources/Officers/Pages/ListOfficers), Array, NULL, false, Array)
#14 C:/Users/Hp 1030-G2/Documents/danb-project/Denb-main/vendor/livewire/livewire/src/Mechanisms/HandleComponents/HandleComponents.php(77): Livewire/trigger('mount', Object(App/Filament/Resources/Officers/Pages/ListOfficers), Array, NULL, false, Array)
#15 C:/Users/Hp 1030-G2/Documents/danb-project/Denb-main/vendor/livewire/livewire/src/LivewireManager.php(102): Livewire/Mechanisms/HandleComponents/HandleComponents->mount('App//Filament//Re...', Array, NULL, Array)
#16 C:/Users/Hp 1030-G2/Documents/danb-project/Denb-main/vendor/livewire/livewire/src/Features/SupportPageComponents/HandlesPageComponents.php(19): Livewire/LivewireManager->mount('App//Filament//Re...', Array)
#17 C:/Users/Hp 1030-G2/Documents/danb-project/Denb-main/vendor/livewire/livewire/src/Features/SupportPageComponents/SupportPageComponents.php(118): Livewire/Component->Livewire/Features/SupportPageComponents/{closure}()
#18 C:/Users/Hp 1030-G2/Documents/danb-project/Denb-main/vendor/livewire/livewire/src/Features/SupportPageComponents/HandlesPageComponents.php(14): Livewire/Features/SupportPageComponents/SupportPageComponents::interceptTheRenderOfTheComponentAndRetreiveTheLayoutConfiguration(Object(Closure))
#19 C:/Users/Hp 1030-G2/Documents/danb-project/Denb-main/vendor/laravel/framework/src/Illuminate/Routing/ControllerDispatcher.php(46): Livewire/Component->__invoke()
#20 C:/Users/Hp 1030-G2/Documents/danb-project/Denb-main/vendor/laravel/framework/src/Illuminate/Routing/Route.php(265): Illuminate/Routing/ControllerDispatcher->dispatch(Object(Illuminate/Routing/Route), Object(App/Filament/Resources/Officers/Pages/ListOfficers), '__invoke')
#21 C:/Users/Hp 1030-G2/Documents/danb-project/Denb-main/vendor/laravel/framework/src/Illuminate/Routing/Route.php(211): Illuminate/Routing/Route->runController()
#22 C:/Users/Hp 1030-G2/Documents/danb-project/Denb-main/vendor/laravel/framework/src/Illuminate/Routing/Router.php(822): Illuminate/Routing/Route->run()
#23 C:/Users/Hp 1030-G2/Documents/danb-project/Denb-main/vendor/laravel/framework/src/Illuminate/Pipeline/Pipeline.php(180): Illuminate/Routing/Router->Illuminate/Routing/{closure}(Object(Illuminate/Http/Request))
#24 C:/Users/Hp 1030-G2/Documents/danb-project/Denb-main/vendor/filament/filament/src/Http/Middleware/DispatchServingFilamentEvent.php(15): Illuminate/Pipeline/Pipeline->Illuminate/Pipeline/{closure}(Object(Illuminate/Http/Request))
#25 C:/Users/Hp 1030-G2/Documents/danb-project/Denb-main/vendor/laravel/framework/src/Illuminate/Pipeline/Pipeline.php(219): Filament/Http/Middleware/DispatchServingFilamentEvent->handle(Object(Illuminate/Http/Request), Object(Closure))
#26 C:/Users/Hp 1030-G2/Documents/danb-project/Denb-main/vendor/filament/filament/src/Http/Middleware/DisableBladeIconComponents.php(14): Illuminate/Pipeline/Pipeline->Illuminate/Pipeline/{closure}(Object(Illuminate/Http/Request))
#27 C:/Users/Hp 1030-G2/Documents/danb-project/Denb-main/vendor/laravel/framework/src/Illuminate/Pipeline/Pipeline.php(219): Filament/Http/Middleware/DisableBladeIconComponents->handle(Object(Illuminate/Http/Request), Object(Closure))
#28 C:/Users/Hp 1030-G2/Documents/danb-project/Denb-main/vendor/laravel/framework/src/Illuminate/Routing/Middleware/SubstituteBindings.php(50): Illuminate/Pipeline/Pipeline->Illuminate/Pipeline/{closure}(Object(Illuminate/Http/Request))
#29 C:/Users/Hp 1030-G2/Documents/danb-project/Denb-main/vendor/laravel/framework/src/Illuminate/Pipeline/Pipeline.php(219): Illuminate/Routing/Middleware/SubstituteBindings->handle(Object(Illuminate/Http/Request), Object(Closure))
#30 C:/Users/Hp 1030-G2/Documents/danb-project/Denb-main/vendor/laravel/framework/src/Illuminate/Foundation/Http/Middleware/VerifyCsrfToken.php(87): Illuminate/Pipeline/Pipeline->Illuminate/Pipeline/{closure}(Object(Illuminate/Http/Request))
#31 C:/Users/Hp 1030-G2/Documents/danb-project/Denb-main/vendor/laravel/framework/src/Illuminate/Pipeline/Pipeline.php(219): Illuminate/Foundation/Http/Middleware/VerifyCsrfToken->handle(Object(Illuminate/Http/Request), Object(Closure))
#32 C:/Users/Hp 1030-G2/Documents/danb-project/Denb-main/vendor/laravel/framework/src/Illuminate/Session/Middleware/AuthenticateSession.php(70): Illuminate/Pipeline/Pipeline->Illuminate/Pipeline/{closure}(Object(Illuminate/Http/Request))
#33 C:/Users/Hp 1030-G2/Documents/danb-project/Denb-main/vendor/laravel/framework/src/Illuminate/Pipeline/Pipeline.php(219): Illuminate/Session/Middleware/AuthenticateSession->handle(Object(Illuminate/Http/Request), Object(Closure))
#34 C:/Users/Hp 1030-G2/Documents/danb-project/Denb-main/vendor/laravel/framework/src/Illuminate/Auth/Middleware/Authenticate.php(63): Illuminate/Pipeline/Pipeline->Illuminate/Pipeline/{closure}(Object(Illuminate/Http/Request))
#35 C:/Users/Hp 1030-G2/Documents/danb-project/Denb-main/vendor/laravel/framework/src/Illuminate/Pipeline/Pipeline.php(219): Illuminate/Auth/Middleware/Authenticate->handle(Object(Illuminate/Http/Request), Object(Closure))
#36 C:/Users/Hp 1030-G2/Documents/danb-project/Denb-main/vendor/laravel/framework/src/Illuminate/View/Middleware/ShareErrorsFromSession.php(48): Illuminate/Pipeline/Pipeline->Illuminate/Pipeline/{closure}(Object(Illuminate/Http/Request))
#37 C:/Users/Hp 1030-G2/Documents/danb-project/Denb-main/vendor/laravel/framework/src/Illuminate/Pipeline/Pipeline.php(219): Illuminate/View/Middleware/ShareErrorsFromSession->handle(Object(Illuminate/Http/Request), Object(Closure))
#38 C:/Users/Hp 1030-G2/Documents/danb-project/Denb-main/vendor/laravel/framework/src/Illuminate/Session/Middleware/StartSession.php(120): Illuminate/Pipeline/Pipeline->Illuminate/Pipeline/{closure}(Object(Illuminate/Http/Request))
#39 C:/Users/Hp 1030-G2/Documents/danb-project/Denb-main/vendor/laravel/framework/src/Illuminate/Session/Middleware/StartSession.php(63): Illuminate/Session/Middleware/StartSession->handleStatefulRequest(Object(Illuminate/Http/Request), Object(Illuminate/Session/Store), Object(Closure))
#40 C:/Users/Hp 1030-G2/Documents/danb-project/Denb-main/vendor/laravel/framework/src/Illuminate/Pipeline/Pipeline.php(219): Illuminate/Session/Middleware/StartSession->handle(Object(Illuminate/Http/Request), Object(Closure))
#41 C:/Users/Hp 1030-G2/Documents/danb-project/Denb-main/vendor/laravel/framework/src/Illuminate/Cookie/Middleware/AddQueuedCookiesToResponse.php(36): Illuminate/Pipeline/Pipeline->Illuminate/Pipeline/{closure}(Object(Illuminate/Http/Request))
#42 C:/Users/Hp 1030-G2/Documents/danb-project/Denb-main/vendor/laravel/framework/src/Illuminate/Pipeline/Pipeline.php(219): Illuminate/Cookie/Middleware/AddQueuedCookiesToResponse->handle(Object(Illuminate/Http/Request), Object(Closure))
#43 C:/Users/Hp 1030-G2/Documents/danb-project/Denb-main/vendor/laravel/framework/src/Illuminate/Cookie/Middleware/EncryptCookies.php(74): Illuminate/Pipeline/Pipeline->Illuminate/Pipeline/{closure}(Object(Illuminate/Http/Request))
#44 C:/Users/Hp 1030-G2/Documents/danb-project/Denb-main/vendor/laravel/framework/src/Illuminate/Pipeline/Pipeline.php(219): Illuminate/Cookie/Middleware/EncryptCookies->handle(Object(Illuminate/Http/Request), Object(Closure))
#45 C:/Users/Hp 1030-G2/Documents/danb-project/Denb-main/vendor/filament/filament/src/Http/Middleware/SetUpPanel.php(19): Illuminate/Pipeline/Pipeline->Illuminate/Pipeline/{closure}(Object(Illuminate/Http/Request))
#46 C:/Users/Hp 1030-G2/Documents/danb-project/Denb-main/vendor/laravel/framework/src/Illuminate/Pipeline/Pipeline.php(219): Filament/Http/Middleware/SetUpPanel->handle(Object(Illuminate/Http/Request), Object(Closure), Object(Filament/Panel))
#47 C:/Users/Hp 1030-G2/Documents/danb-project/Denb-main/vendor/laravel/framework/src/Illuminate/Pipeline/Pipeline.php(137): Illuminate/Pipeline/Pipeline->Illuminate/Pipeline/{closure}(Object(Illuminate/Http/Request))
#48 C:/Users/Hp 1030-G2/Documents/danb-project/Denb-main/vendor/laravel/framework/src/Illuminate/Routing/Router.php(821): Illuminate/Pipeline/Pipeline->then(Object(Closure))
#49 C:/Users/Hp 1030-G2/Documents/danb-project/Denb-main/vendor/laravel/framework/src/Illuminate/Routing/Router.php(800): Illuminate/Routing/Router->runRouteWithinStack(Object(Illuminate/Routing/Route), Object(Illuminate/Http/Request))
#50 C:/Users/Hp 1030-G2/Documents/danb-project/Denb-main/vendor/laravel/framework/src/Illuminate/Routing/Router.php(764): Illuminate/Routing/Router->runRoute(Object(Illuminate/Http/Request), Object(Illuminate/Routing/Route))
#51 C:/Users/Hp 1030-G2/Documents/danb-project/Denb-main/vendor/laravel/framework/src/Illuminate/Routing/Router.php(753): Illuminate/Routing/Router->dispatchToRoute(Object(Illuminate/Http/Request))
#52 C:/Users/Hp 1030-G2/Documents/danb-project/Denb-main/vendor/laravel/framework/src/Illuminate/Foundation/Http/Kernel.php(200): Illuminate/Routing/Router->dispatch(Object(Illuminate/Http/Request))
#53 C:/Users/Hp 1030-G2/Documents/danb-project/Denb-main/vendor/laravel/framework/src/Illuminate/Pipeline/Pipeline.php(180): Illuminate/Foundation/Http/Kernel->Illuminate/Foundation/Http/{closure}(Object(Illuminate/Http/Request))
#54 C:/Users/Hp 1030-G2/Documents/danb-project/Denb-main/vendor/livewire/livewire/src/Features/SupportDisablingBackButtonCache/DisableBackButtonCacheMiddleware.php(19): Illuminate/Pipeline/Pipeline->Illuminate/Pipeline/{closure}(Object(Illuminate/Http/Request))
#55 C:/Users/Hp 1030-G2/Documents/danb-project/Denb-main/vendor/laravel/framework/src/Illuminate/Pipeline/Pipeline.php(219): Livewire/Features/SupportDisablingBackButtonCache/DisableBackButtonCacheMiddleware->handle(Object(Illuminate/Http/Request), Object(Closure))
#56 C:/Users/Hp 1030-G2/Documents/danb-project/Denb-main/vendor/laravel/framework/src/Illuminate/Foundation/Http/Middleware/TransformsRequest.php(21): Illuminate/Pipeline/Pipeline->Illuminate/Pipeline/{closure}(Object(Illuminate/Http/Request))
#57 C:/Users/Hp 1030-G2/Documents/danb-project/Denb-main/vendor/laravel/framework/src/Illuminate/Foundation/Http/Middleware/ConvertEmptyStringsToNull.php(31): Illuminate/Foundation/Http/Middleware/TransformsRequest->handle(Object(Illuminate/Http/Request), Object(Closure))
#58 C:/Users/Hp 1030-G2/Documents/danb-project/Denb-main/vendor/laravel/framework/src/Illuminate/Pipeline/Pipeline.php(219): Illuminate/Foundation/Http/Middleware/ConvertEmptyStringsToNull->handle(Object(Illuminate/Http/Request), Object(Closure))
#59 C:/Users/Hp 1030-G2/Documents/danb-project/Denb-main/vendor/laravel/framework/src/Illuminate/Foundation/Http/Middleware/TransformsRequest.php(21): Illuminate/Pipeline/Pipeline->Illuminate/Pipeline/{closure}(Object(Illuminate/Http/Request))
#60 C:/Users/Hp 1030-G2/Documents/danb-project/Denb-main/vendor/laravel/framework/src/Illuminate/Foundation/Http/Middleware/TrimStrings.php(51): Illuminate/Foundation/Http/Middleware/TransformsRequest->handle(Object(Illuminate/Http/Request), Object(Closure))
#61 C:/Users/Hp 1030-G2/Documents/danb-project/Denb-main/vendor/laravel/framework/src/Illuminate/Pipeline/Pipeline.php(219): Illuminate/Foundation/Http/Middleware/TrimStrings->handle(Object(Illuminate/Http/Request), Object(Closure))
#62 C:/Users/Hp 1030-G2/Documents/danb-project/Denb-main/vendor/laravel/framework/src/Illuminate/Http/Middleware/ValidatePostSize.php(27): Illuminate/Pipeline/Pipeline->Illuminate/Pipeline/{closure}(Object(Illuminate/Http/Request))
#63 C:/Users/Hp 1030-G2/Documents/danb-project/Denb-main/vendor/laravel/framework/src/Illuminate/Pipeline/Pipeline.php(219): Illuminate/Http/Middleware/ValidatePostSize->handle(Object(Illuminate/Http/Request), Object(Closure))
#64 C:/Users/Hp 1030-G2/Documents/danb-project/Denb-main/vendor/laravel/framework/src/Illuminate/Foundation/Http/Middleware/PreventRequestsDuringMaintenance.php(109): Illuminate/Pipeline/Pipeline->Illuminate/Pipeline/{closure}(Object(Illuminate/Http/Request))
#65 C:/Users/Hp 1030-G2/Documents/danb-project/Denb-main/vendor/laravel/framework/src/Illuminate/Pipeline/Pipeline.php(219): Illuminate/Foundation/Http/Middleware/PreventRequestsDuringMaintenance->handle(Object(Illuminate/Http/Request), Object(Closure))
#66 C:/Users/Hp 1030-G2/Documents/danb-project/Denb-main/vendor/laravel/framework/src/Illuminate/Http/Middleware/HandleCors.php(61): Illuminate/Pipeline/Pipeline->Illuminate/Pipeline/{closure}(Object(Illuminate/Http/Request))
#67 C:/Users/Hp 1030-G2/Documents/danb-project/Denb-main/vendor/laravel/framework/src/Illuminate/Pipeline/Pipeline.php(219): Illuminate/Http/Middleware/HandleCors->handle(Object(Illuminate/Http/Request), Object(Closure))
#68 C:/Users/Hp 1030-G2/Documents/danb-project/Denb-main/vendor/laravel/framework/src/Illuminate/Http/Middleware/TrustProxies.php(58): Illuminate/Pipeline/Pipeline->Illuminate/Pipeline/{closure}(Object(Illuminate/Http/Request))
#69 C:/Users/Hp 1030-G2/Documents/danb-project/Denb-main/vendor/laravel/framework/src/Illuminate/Pipeline/Pipeline.php(219): Illuminate/Http/Middleware/TrustProxies->handle(Object(Illuminate/Http/Request), Object(Closure))
#70 C:/Users/Hp 1030-G2/Documents/danb-project/Denb-main/vendor/laravel/framework/src/Illuminate/Foundation/Http/Middleware/InvokeDeferredCallbacks.php(22): Illuminate/Pipeline/Pipeline->Illuminate/Pipeline/{closure}(Object(Illuminate/Http/Request))
#71 C:/Users/Hp 1030-G2/Documents/danb-project/Denb-main/vendor/laravel/framework/src/Illuminate/Pipeline/Pipeline.php(219): Illuminate/Foundation/Http/Middleware/InvokeDeferredCallbacks->handle(Object(Illuminate/Http/Request), Object(Closure))
#72 C:/Users/Hp 1030-G2/Documents/danb-project/Denb-main/vendor/laravel/framework/src/Illuminate/Http/Middleware/ValidatePathEncoding.php(26): Illuminate/Pipeline/Pipeline->Illuminate/Pipeline/{closure}(Object(Illuminate/Http/Request))
#73 C:/Users/Hp 1030-G2/Documents/danb-project/Denb-main/vendor/laravel/framework/src/Illuminate/Pipeline/Pipeline.php(219): Illuminate/Http/Middleware/ValidatePathEncoding->handle(Object(Illuminate/Http/Request), Object(Closure))
#74 C:/Users/Hp 1030-G2/Documents/danb-project/Denb-main/vendor/laravel/framework/src/Illuminate/Pipeline/Pipeline.php(137): Illuminate/Pipeline/Pipeline->Illuminate/Pipeline/{closure}(Object(Illuminate/Http/Request))
#75 C:/Users/Hp 1030-G2/Documents/danb-project/Denb-main/vendor/laravel/framework/src/Illuminate/Foundation/Http/Kernel.php(175): Illuminate/Pipeline/Pipeline->then(Object(Closure))
#76 C:/Users/Hp 1030-G2/Documents/danb-project/Denb-main/vendor/laravel/framework/src/Illuminate/Foundation/Http/Kernel.php(144): Illuminate/Foundation/Http/Kernel->sendRequestThroughRouter(Object(Illuminate/Http/Request))
#77 C:/Users/Hp 1030-G2/Documents/danb-project/Denb-main/vendor/laravel/framework/src/Illuminate/Foundation/Application.php(1220): Illuminate/Foundation/Http/Kernel->handle(Object(Illuminate/Http/Request))
#78 C:/Users/Hp 1030-G2/Documents/danb-project/Denb-main/public/index.php(20): Illuminate/Foundation/Application->handleRequest(Object(Illuminate/Http/Request))
#79 C:/Users/Hp 1030-G2/Documents/danb-project/Denb-main/vendor/laravel/framework/src/Illuminate/Foundation/resources/server.php(23): require_once('C://Users//Hp 103...')
#80 {main}
"} 
